id,date,SP,DATE,HAA,label_fnn
1678,2010-04-11T16:37:40-04:00,Barack Obama,2010,Barack Obama,real
1820,2010-05-23T18:11:09-04:00,Michael Steele,2010,Michael Steele,real
1624,2010-03-26T10:24:21-04:00,John Boehner,2010,John Boehner,real
1576,2010-03-12T11:45:14-05:00,Americas Health Insurance Plans,2010,Americas Health Insurance Plans,real
1770,2010-05-07T11:54:44-04:00,Michael Bloomberg,2010,Michael Bloomberg,real
1779,2010-05-10T18:24:15-04:00,John Barrasso,2010,John Barrasso,real
1690,2010-04-14T19:54:17-04:00,Stephen Colbert,2010,Stephen Colbert,real
2013,2010-07-07T17:12:21-04:00,Al Hunt,2010,Al Hunt,real
1731,2010-04-27T15:33:45-04:00,Sherrod Brown,2010,Sherrod Brown,real
1435,2010-01-28T00:02:13-05:00,Barack Obama,2010,Barack Obama,real
2019,2010-07-09T13:55:36-04:00,Sarah Palin,2010,Sarah Palin,real
1375,2010-01-06T15:29:03-05:00,Chuck Grassley,2010,Chuck Grassley,real
1949,2010-06-24T16:12:26-04:00,Vern Buchanan,2010,Vern Buchanan,real
1467,2010-02-05T18:31:24-05:00,Judd Gregg,2010,Judd Gregg,real
1545,2010-03-03T18:15:17-05:00,Mitt Romney,2010,Mitt Romney,real
1488,2010-02-16T18:56:19-05:00,Joe Biden,2010,Joe Biden,real
1892,2010-06-14T15:26:55-04:00,John Boehner,2010,John Boehner,real
1442,2010-01-28T18:00:16-05:00,John Boehner,2010,John Boehner,real
1825,2010-05-25T17:18:46-04:00,Michael Steele,2010,Michael Steele,real
1424,2010-01-25T18:50:42-05:00,John Boehner,2010,John Boehner,real
914,2009-01-26T15:35:16-05:00,Joe Barton,2009,Joe Barton,real
1436,2010-01-28T10:47:42-05:00,Bob McDonnell,2010,Bob McDonnell,real
1614,2010-03-24T16:28:45-04:00,Orrin Hatch,2010,Orrin Hatch,real
1419,2010-01-25T15:15:55-05:00,Carolyn Maloney,2010,Carolyn Maloney,real
31,2007-05-02T00:00:00-04:00,Tommy Thompson,2007,Tommy Thompson,real
35,2007-08-27T00:00:00-04:00,Joe Biden,2007,Joe Biden,real
1500,2010-02-19T17:36:57-05:00,John Boehner,2010,John Boehner,real
923,2009-02-03T16:17:25-05:00,Mitch McConnell,2009,Mitch McConnell,real
1454,2010-02-02T19:22:09-05:00,David Axelrod,2010,David Axelrod,real
58,2007-09-10T00:00:00-04:00,Hillary Clinton,2007,Hillary Clinton,real
1899,2010-06-15T11:02:40-04:00,John McCain,2010,John McCain,real
261,2008-01-06T00:00:00-05:00,Hillary Clinton,2008,Hillary Clinton,real
1465,2010-02-05T17:17:37-05:00,Barack Obama,2010,Barack Obama,real
74,2007-09-15T00:00:00-04:00,Hillary Clinton,2007,Hillary Clinton,real
20,2007-07-10T00:00:00-04:00,Sam Brownback,2007,Sam Brownback,real
15352,2018-05-04T11:30:20-04:00,Daily World  Update,2018,Daily World Update,fake
15383,2018-05-15T15:31:57-04:00,Bloggers,2018,Bloggers,fake
14879,2017-12-28T12:13:22-05:00,defense usasite,2017,defense usasite,fake
120,2007-10-15T00:00:00-04:00,Joe Biden,2007,Joe Biden,real
13560,2016-12-21T10:41:13-05:00,Politiconocom,2016,Politiconocom,fake
118,2007-10-12T00:00:00-04:00,John McCain,2007,John McCain,real
7,2007-08-01T00:00:00-04:00,Hillary Clinton,2007,Hillary Clinton,real
14597,2017-10-03T16:17:39-04:00,Bloggers,2017,Bloggers,fake
15349,2018-05-04T14:00:00-04:00,The Liberty Raise,2018,The Liberty Raise,fake
14233,2017-06-19T16:59:41-04:00,Bloggers,2017,Bloggers,fake
69,2007-09-17T00:00:00-04:00,Ron Paul,2007,Ron Paul,real
14699,2017-11-01T16:12:07-04:00,BreakingNews247net,2017,BreakingNews247net,fake
1446,2010-01-29T18:23:13-05:00,Bloggers,2010,Bloggers,real
14885,2018-01-02T16:35:45-05:00,Tom Price,2018,Tom Price,fake
15327,2018-04-30T13:58:51-04:00,Musclecarusainfo,2018,Musclecarusainfo,fake
15129,2018-03-12T15:38:06-04:00,Bloggers,2018,Bloggers,fake
15130,2018-03-14T12:49:53-04:00,Universal News Portal,2018,Universal News Portal,fake
15138,2018-03-14T16:37:35-04:00,Ladies of Liberty,2018,Ladies of Liberty,fake
14498,2017-09-06T15:20:44-04:00,delta flyinginfo,2017,delta flyinginfo,fake
15201,2018-03-29T16:11:59-04:00,Bloggers,2018,Bloggers,fake
14289,2017-07-06T10:00:00-04:00,What Happens in the USA,2017,What Happens in the USA,fake
14514,2017-09-11T11:35:21-04:00,Bloggers,2017,Bloggers,fake
14517,2017-09-11T15:30:48-04:00,Bloggers,2017,Bloggers,fake
15208,2018-03-30T11:18:46-04:00,TheLastLineOfDefenseorg,2018,TheLastLineOfDefenseorg,fake
14490,2017-09-01T13:40:58-04:00,Bloggers,2017,Bloggers,fake
14624,2017-10-11T16:09:59-04:00,Bloggers,2017,Bloggers,fake
15242,2018-04-09T17:40:14-04:00,Bloggers,2018,Bloggers,fake
15046,2018-02-16T14:52:53-05:00,Politics Elite Trump,2018,Politics Elite Trump,fake
14395,2017-08-04T13:50:28-04:00,usdeplorablesnewscom,2017,usdeplorablesnewscom,fake
14836,2017-12-12T11:24:56-05:00,Bloggers,2017,Bloggers,fake
15356,2018-05-07T14:26:00-04:00,HoustonChronicle tvcom,2018,HoustonChronicle tvcom,fake
14860,2017-12-19T10:00:00-05:00,The Patriot Report,2017,The Patriot Report,fake
13764,2017-02-20T16:29:56-05:00,The Miami Post,2017,The Miami Post,fake
14733,2017-11-10T09:00:00-05:00,tmzbreaking,2017,tmzbreaking,fake
14195,2017-06-07T11:30:04-04:00,Bloggers,2017,Bloggers,fake
13854,2017-03-13T14:00:25-04:00,Bloggers,2017,Bloggers,fake
15623,2018-07-18T15:10:38-04:00,Daily USA Update,2018,Daily USA Update,fake
14643,2017-10-17T16:32:54-04:00,Bloggers,2017,Bloggers,fake
15360,2018-05-08T11:48:27-04:00,Bloggers,2018,Bloggers,fake
15419,2018-05-23T15:36:52-04:00,AsAmericanAsApplePieorg,2018,AsAmericanAsApplePieorg,fake
15606,2018-07-18T12:00:52-04:00,Bloggers,2018,Bloggers,fake
15482,2018-06-08T12:18:02-04:00,Bloggers,2018,Bloggers,fake
15534,2018-06-25T17:37:26-04:00,Bloggers,2018,Bloggers,fake
14742,2017-11-13T13:54:14-05:00,Bloggers,2017,Bloggers,fake
14755,2017-11-15T16:48:22-05:00,Bloggers,2017,Bloggers,fake
14770,2017-11-20T13:28:45-05:00,Bloggers,2017,Bloggers,fake
15263,2018-04-12T16:22:42-04:00,Reaganwasright,2018,Reaganwasright,fake
14944,2018-01-22T17:13:11-05:00,world newsscom,2018,world newsscom,fake
14548,2017-09-20T11:20:19-04:00,Science Vibe,2017,Science Vibe,fake
14436,2017-08-16T16:00:36-04:00,Reaganwasright,2017,Reaganwasright,fake
2028,2010-07-08T18:18:21-04:00,Bloggers,2010,Bloggers,real
14471,2017-08-28T15:49:00-04:00,Bloggers,2017,Bloggers,fake
13957,2017-04-07T10:00:00-04:00,Alexi Giannoulias,2017,Alexi Giannoulias,fake
15100,2018-03-05T16:12:32-05:00,OurLandOfTheFreecom,2018,OurLandOfTheFreecom,fake
13557,2016-12-20T15:48:11-05:00,Bloggers,2016,Bloggers,fake
14984,2018-01-30T23:27:30-05:00,Bloggers,2018,Bloggers,real
1053,2009-06-15T14:04:41-04:00,ThatViralFeednet,2009,ThatViralFeednet,real
13924,2017-04-02T08:15:00-04:00,Donald Trump,2017,Donald Trump,fake
3221,2011-02-11T17:19:04-05:00,Mike Murphy,2011,Mike Murphy,real
14166,2017-05-31T13:00:00-04:00,EmpireSportsco,2017,EmpireSportsco,fake
14264,2017-06-28T12:01:40-04:00,Mitt Romney,2017,Mitt Romney,fake
14644,2017-10-18T10:27:43-04:00,Uspoln Website,2017,Uspoln Website,fake
14678,2017-10-26T09:00:00-04:00,Snoopackcom,2017,Snoopackcom,fake
13589,2017-01-05T15:12:46-05:00,AsAmericanAsApplePieorg,2017,AsAmericanAsApplePieorg,fake
15573,2018-07-05T15:37:12-04:00,Bloggers,2018,Bloggers,fake
14890,2018-01-04T11:00:00-05:00,USA Snich,2018,USA Snich,fake
14856,2017-12-18T11:04:11-05:00,Viral image,2017,Viral image,fake
13773,2017-02-23T10:00:00-05:00,Flash 24 Daily,2017,Flash 24 Daily,fake
14503,2017-09-07T12:40:41-04:00,USA In Front,2017,USA In Front,fake
15256,2018-04-11T13:12:26-04:00,Bloggers,2018,Bloggers,fake
15178,2018-03-22T18:08:09-04:00,Bloggers,2018,Bloggers,fake
15309,2018-04-25T16:53:03-04:00,The Global Headlines,2018,The Global Headlines,fake
15307,2018-04-25T13:32:17-04:00,Universal News Portal,2018,Universal News Portal,fake
15301,2018-04-24T15:28:38-04:00,Nrt Online,2018,Nrt Online,fake
15298,2018-04-24T15:29:26-04:00,Bloggers,2018,Bloggers,fake
200,2007-11-28T00:00:00-05:00,Bloggers,2007,Bloggers,real
182,2007-11-15T00:00:00-05:00,Bloggers,2007,Bloggers,real
87,2007-09-20T00:00:00-04:00,Mitt Romney,2007,Mitt Romney,real
15267,2018-04-13T15:11:33-04:00,Bill Richardson,2018,Bill Richardson,fake
12773,2016-07-26T00:36:12-04:00,Barack Obama,2016,Barack Obama,real
539,2008-06-26T00:00:00-04:00,Bloggers,2008,Bloggers,real
15354,2018-05-04T11:58:11-04:00,Republican National Committee,2018,Republican National Committee,fake
15342,2018-05-02T15:24:28-04:00,Barack Obama,2018,Barack Obama,fake
14794,2017-11-29T11:46:49-05:00,Bloggers,2017,Bloggers,fake
14026,2017-04-21T16:57:10-04:00,YourNewsWirecom,2017,YourNewsWirecom,fake
8152,2013-08-15T15:11:52-04:00,Sam Brownback,2013,Sam Brownback,real
14128,2017-05-18T10:00:00-04:00,DailyNewsForAmericanscom,2017,DailyNewsForAmericanscom,fake
15280,2018-04-20T09:48:07-04:00,Bloggers,2018,Bloggers,fake
15355,2018-05-07T14:06:51-04:00,Rand Paul,2018,Rand Paul,fake
14090,2017-05-08T16:15:31-04:00,TDAlliancecom,2017,TDAlliancecom,fake
13577,2017-01-03T17:25:50-05:00,YourNewsWirecom,2017,YourNewsWirecom,fake
14126,2017-05-17T16:22:59-04:00,Bloggers,2017,Bloggers,fake
15205,2018-03-30T10:25:03-04:00,Bloggers,2018,Bloggers,fake
14519,2017-09-12T08:01:39-04:00,UniversePoliticscom,2017,UniversePoliticscom,fake
14516,2017-09-11T15:15:45-04:00,Bloggers,2017,Bloggers,fake
15386,2018-05-15T16:44:45-04:00,Bloggers,2018,Bloggers,fake
15564,2018-07-03T14:00:52-04:00,Freedom Daily,2018,Freedom Daily,fake
14005,2017-04-18T14:39:21-04:00,Bloggers,2017,Bloggers,fake
15188,2018-03-26T17:25:32-04:00,The Political Voice,2018,The Political Voice,fake
14265,2017-06-27T12:01:17-04:00,Viral image,2017,Viral image,fake
14815,2017-12-06T10:25:52-05:00,Now8Newscom,2017,Now8Newscom,fake
13784,2017-02-24T15:02:29-05:00,ABC NEWS US,2017,ABC NEWS US,fake
14243,2017-06-21T12:38:39-04:00,Bloggers,2017,Bloggers,fake
15291,2018-04-23T12:24:34-04:00,states newscom,2018,states newscom,fake
13806,2017-03-02T13:41:49-05:00,Bloggers,2017,Bloggers,fake
13794,2017-02-28T17:37:59-05:00,Bloggers,2017,Bloggers,fake
15456,2018-06-01T15:33:35-04:00,Bloggers,2018,Bloggers,fake
14205,2017-06-12T16:14:59-04:00,BlackInsuranceNewscom,2017,BlackInsuranceNewscom,fake
14213,2017-06-14T12:33:22-04:00,Bloggers,2017,Bloggers,fake
14235,2017-06-20T11:12:25-04:00,Bloggers,2017,Bloggers,fake
15599,2018-07-13T09:55:50-04:00,AntiNewsin,2018,AntiNewsin,fake
14342,2017-07-20T17:25:19-04:00,Bloggers,2017,Bloggers,fake
14158,2017-05-26T13:09:21-04:00,LondonWebNewscom,2017,LondonWebNewscom,fake
14309,2017-07-12T10:50:16-04:00,Bling News,2017,Bling News,fake
15486,2018-06-12T14:08:39-04:00,Bloggers,2018,Bloggers,fake
14286,2017-07-05T12:00:00-04:00,Bloggers,2017,Bloggers,fake
13600,2017-01-10T10:30:59-05:00,Bloggers,2017,Bloggers,fake
15271,2018-04-13T14:00:12-04:00,YourNewsWirecom,2018,YourNewsWirecom,fake
13815,2017-03-06T11:21:50-05:00,StGeorgeGazettecom,2017,StGeorgeGazettecom,fake
14776,2017-11-22T10:00:00-05:00,Bloggers,2017,Bloggers,fake
15164,2018-03-21T12:40:14-04:00,Bloggers,2018,Bloggers,fake
14832,2017-12-11T12:34:03-05:00,Bloggers,2017,Bloggers,fake
14718,2017-11-06T12:43:51-05:00,YourNewsWirecom,2017,YourNewsWirecom,fake
13853,2017-03-13T14:01:22-04:00,YourNewsWirecom,2017,YourNewsWirecom,fake
14904,2018-01-09T06:00:00-05:00,Bloggers,2018,Bloggers,fake
14605,2017-10-04T17:46:39-04:00,FreedomJunkshuncom,2017,FreedomJunkshuncom,fake
13887,2017-03-21T12:57:35-04:00,Bloggers,2017,Bloggers,fake
8371,2013-10-08T16:20:17-04:00,Nourtey,2013,Nourtey,real
13827,2017-03-07T14:40:37-05:00,HoustonChronicle tvcom,2017,HoustonChronicle tvcom,fake
15158,2018-03-20T10:51:02-04:00,Bloggers,2018,Bloggers,fake
95,2007-09-28T00:00:00-04:00,Dennis Ross,2007,Dennis Ross,real
15533,2018-06-26T10:00:00-04:00,UndergroundNewsReportcom,2018,UndergroundNewsReportcom,fake
15554,2018-06-29T14:13:35-04:00,St Lucia Times,2018,St Lucia Times,fake
13816,2017-03-03T16:28:56-05:00,Barack Obama,2017,Barack Obama,fake
14169,2017-06-01T09:00:00-04:00,Bloggers,2017,Bloggers,fake
14211,2017-06-14T12:32:38-04:00,Bloggers,2017,Bloggers,fake
15137,2018-03-14T15:50:43-04:00,TheSeattleTribunecom,2018,TheSeattleTribunecom,fake
13836,2017-03-09T10:14:39-05:00,Uspoln Website,2017,Uspoln Website,fake
15095,2018-03-05T12:56:12-05:00,Bloggers,2018,Bloggers,fake
9033,2014-03-12T13:15:15-04:00,Bloggers,2014,Bloggers,real
14021,2017-04-21T15:44:21-04:00,Bloggers,2017,Bloggers,fake
14008,2017-04-19T10:58:15-04:00,Your Action News 3,2017,Your Action News 3,fake
1924,2010-06-21T12:15:21-04:00,Rob Portman,2010,Rob Portman,real
396,2008-03-12T00:00:00-04:00,RealNewsRightNowcom,2008,RealNewsRightNowcom,real
14003,2017-04-18T14:02:39-04:00,Bloggers,2017,Bloggers,fake
13698,2017-02-03T12:09:23-05:00,Snooki,2017,Snooki,fake
14148,2017-05-24T09:37:37-04:00,Barack Obama,2017,Barack Obama,fake
13913,2017-04-02T09:10:00-04:00,Bloggers,2017,Bloggers,fake
13687,2017-02-02T09:27:17-05:00,Bloggers,2017,Bloggers,fake
15591,2018-07-12T12:08:43-04:00,Bloggers,2018,Bloggers,fake
14500,2017-09-06T15:53:54-04:00,Bloggers,2017,Bloggers,fake
13771,2017-02-22T10:18:13-05:00,Bloggers,2017,Bloggers,fake
13559,2016-12-20T16:07:59-05:00,YourNewsWirecom,2016,YourNewsWirecom,fake
15109,2018-03-07T12:23:55-05:00,OurLandOfTheFreecom,2018,OurLandOfTheFreecom,fake
14954,2018-01-24T14:46:39-05:00,Bloggers,2018,Bloggers,fake
14698,2017-11-01T13:55:58-04:00,Politiconocom,2017,Politiconocom,fake
15487,2018-06-12T14:53:19-04:00,NY FOX News,2018,NY FOX News,fake
14947,2018-01-23T13:19:49-05:00,The Patriot Report,2018,The Patriot Report,fake
14668,2017-10-23T12:59:12-04:00,Bloggers,2017,Bloggers,fake
15409,2018-05-23T09:24:14-04:00,Red State Wave,2018,Red State Wave,fake
14908,2018-01-08T15:18:29-05:00,The Patriot Report,2018,The Patriot Report,fake
8557,2013-11-18T15:24:38-05:00,React365com,2013,React365com,real
15246,2018-04-10T15:58:18-04:00,YourNewsWirecom,2018,YourNewsWirecom,fake
14576,2017-09-27T15:28:26-04:00,Someonesbones,2017,Someonesbones,fake
14565,2017-09-25T15:25:35-04:00,Jan Schakowsky,2017,Jan Schakowsky,fake
15404,2018-05-21T14:15:40-04:00,Only Politics,2018,Only Politics,fake
14876,2017-12-27T14:29:55-05:00,Bloggers,2017,Bloggers,fake
1714,2010-04-22T14:45:13-04:00,TheLastLineOfDefenseorg,2010,TheLastLineOfDefenseorg,real
13775,2017-02-23T13:00:00-05:00,Daily World  Update,2017,Daily World Update,fake
14310,2017-07-12T10:50:36-04:00,defense usa,2017,defense usa,fake
15347,2018-05-03T10:58:56-04:00,Lamar Alexander,2018,Lamar Alexander,fake
14236,2017-06-20T11:11:38-04:00,Bloggers,2017,Bloggers,fake
15401,2018-05-17T16:25:11-04:00,Bloggers,2018,Bloggers,fake
8805,2014-01-24T15:51:38-05:00,Bloggers,2014,Bloggers,real
14361,2017-07-26T15:15:22-04:00,FreedomCrossroadsus,2017,FreedomCrossroadsus,fake
14406,2017-08-09T10:00:13-04:00,Bloggers,2017,Bloggers,fake
15232,2018-04-06T12:51:31-04:00,Patty Murray,2018,Patty Murray,fake
14355,2017-07-24T15:13:05-04:00,Bloggers,2017,Bloggers,fake
14394,2017-08-03T15:30:45-04:00,Bloggers,2017,Bloggers,fake
14884,2018-01-02T17:33:30-05:00,Bloggers,2018,Bloggers,fake
323,2008-02-01T00:00:00-05:00,Bloggers,2008,Bloggers,real
15368,2018-05-10T11:27:16-04:00,Bloggers,2018,Bloggers,fake
13807,2017-03-02T16:26:55-05:00,Ufconly,2017,Ufconly,fake
14841,2017-12-13T14:55:07-05:00,Barack Obama,2017,Barack Obama,fake
1741,2010-04-28T22:52:31-04:00,NY Evening News,2010,NY Evening News,real
10889,2015-06-02T13:37:13-04:00,Bloggers,2015,Bloggers,real
15204,2018-03-30T10:55:39-04:00,nofakenews online,2018,nofakenews online,fake
13820,2017-03-06T15:15:37-05:00,Arlen Specter,2017,Arlen Specter,fake
14893,2018-01-05T10:33:49-05:00,Marco Rubio,2018,Marco Rubio,fake
14454,2017-08-23T11:35:21-04:00,Project Republic,2017,Project Republic,fake
15241,2018-04-09T16:40:45-04:00,Bloggers,2018,Bloggers,fake
14408,2017-08-10T08:00:00-04:00,New Century Times,2017,New Century Times,fake
14333,2017-07-18T15:00:00-04:00,Bloggers,2017,Bloggers,fake
14330,2017-07-18T10:36:13-04:00,Bloggers,2017,Bloggers,fake
14328,2017-07-18T10:33:44-04:00,Bloggers,2017,Bloggers,fake
14327,2017-07-17T16:00:00-04:00,Bloggers,2017,Bloggers,fake
14301,2017-07-14T10:00:00-04:00,Bloggers,2017,Bloggers,fake
14293,2017-07-06T13:51:02-04:00,FreedomCrossroadsus,2017,FreedomCrossroadsus,fake
14285,2017-07-06T10:00:00-04:00,HalfwayPostcom,2017,HalfwayPostcom,fake
14472,2017-08-28T17:15:06-04:00,Uspoln Website,2017,Uspoln Website,fake
14475,2017-08-29T14:00:00-04:00,Bloggers,2017,Bloggers,fake
65,2007-09-12T00:00:00-04:00,Channel24Newscom,2007,Channel24Newscom,real
14694,2017-10-31T15:48:09-04:00,Bloggers,2017,Bloggers,fake
14567,2017-09-25T17:04:09-04:00,Bloggers,2017,Bloggers,fake
14544,2017-09-19T15:32:39-04:00,Fred Thompson,2017,Fred Thompson,fake
14950,2018-02-12T10:56:06-05:00,FreedomJunkshuncom,2018,FreedomJunkshuncom,fake
114,2007-10-09T00:00:00-04:00,Bloggers,2007,Bloggers,real
14789,2017-11-27T16:51:29-05:00,TheLastLineOfDefenseorg,2017,TheLastLineOfDefenseorg,fake
129,2007-10-17T00:00:00-04:00,The Patriot Report,2007,The Patriot Report,real
14270,2017-06-30T10:00:00-04:00,Hillary Clinton,2017,Hillary Clinton,fake
11899,2016-02-11T22:54:40-05:00,Reaganwasright,2016,Reaganwasright,real
13999,2017-04-17T14:20:42-04:00,Joe Biden,2017,Joe Biden,fake
15224,2018-04-05T10:15:58-04:00,Bloggers,2018,Bloggers,fake
13934,2017-03-31T10:25:34-04:00,Bernie Sanders,2017,Bernie Sanders,fake
10877,2015-05-28T14:33:05-04:00,Bloggers,2015,Bloggers,real
15097,2018-03-06T11:39:31-05:00,Viral  Truth Wire,2018,Viral Truth Wire,real
10413,2015-01-20T17:18:30-05:00,Bloggers,2015,Bloggers,real
14052,2017-04-27T21:00:00-04:00,John McCain,2017,John McCain,fake
15304,2018-04-24T17:22:36-04:00,Bloggers,2018,Bloggers,fake
15018,2018-02-08T10:33:35-05:00,Barack Obama,2018,Barack Obama,fake
15631,2018-07-20T10:59:56-04:00,Bloggers,2018,Bloggers,fake
312,2008-01-25T00:00:00-05:00,Newstarget,2008,Newstarget,real
13132,2016-09-26T23:13:55-04:00,LoveThisPiccom,2016,LoveThisPiccom,real
15048,2018-02-19T09:52:45-05:00,YourNewsWirecom,2018,YourNewsWirecom,fake
12079,2016-03-17T17:23:19-04:00,Rudy Giuliani,2016,Rudy Giuliani,real
14887,2018-01-03T14:26:50-05:00,Hillary Clinton,2018,Hillary Clinton,fake
13548,2016-12-18T13:42:51-05:00,Conservative Daily Post,2016,Conservative Daily Post,real
926,2009-02-04T18:28:13-05:00,Mike Honda,2009,Mike Honda,real
13608,2017-01-11T16:12:09-05:00,Pro Conservative News,2017,Pro Conservative News,fake
13601,2017-01-10T10:37:44-05:00,John Podesta,2017,John Podesta,fake
8069,2013-07-25T16:58:50-04:00,Mike Pence,2013,Mike Pence,real
966,2009-03-20T14:39:35-04:00,Bloggers,2009,Bloggers,real
13565,2016-12-23T11:13:48-05:00,Bloggers,2016,Bloggers,fake
9622,2014-07-18T14:08:44-04:00,Barack Obama,2014,Barack Obama,real
13703,2017-02-06T16:24:00-05:00,Mike Pence,2017,Mike Pence,fake
15156,2018-03-19T12:11:36-04:00,Tdtalliancecom,2018,Tdtalliancecom,fake
13731,2017-02-13T10:55:41-05:00,Mitch McConnell,2017,Mitch McConnell,fake
939,2009-02-27T14:19:01-05:00,CNNews3com,2009,CNNews3com,real
13724,2017-02-09T16:25:41-05:00,Daily World  Update,2017,Daily World Update,fake
1281,2009-10-26T18:02:10-04:00,TheSeattleTribunecom,2009,TheSeattleTribunecom,real
15399,2018-05-17T11:48:42-04:00,Barack Obama,2018,Barack Obama,fake
15514,2018-06-21T10:21:40-04:00,Bloggers,2018,Bloggers,fake
14492,2017-09-01T15:38:54-04:00,Claire McCaskill,2017,Claire McCaskill,fake
14905,2018-01-08T17:09:12-05:00,True American,2018,True American,fake
14693,2017-10-31T14:59:32-04:00,Bloggers,2017,Bloggers,fake
14543,2017-09-19T15:00:08-04:00,Bloggers,2017,Bloggers,fake
13823,2017-03-06T18:04:27-05:00,America Today,2017,America Today,fake
15217,2018-04-03T10:28:28-04:00,FreedomJunkshuncom,2018,FreedomJunkshuncom,fake
11552,2015-11-10T23:58:18-05:00,NYDailyNews TVcom,2015,NYDailyNews TVcom,real
15427,2018-05-24T10:34:03-04:00,UndergroundNewsReportcom,2018,UndergroundNewsReportcom,fake
3251,2011-02-17T17:50:06-05:00,Fellowship of the Minds,2011,Fellowship of the Minds,real
8621,2013-12-04T14:08:18-05:00,Ted Cruz,2013,Ted Cruz,real
14564,2017-09-25T15:27:01-04:00,Bloggers,2017,Bloggers,fake
14247,2017-06-22T10:32:44-04:00,Rand Paul,2017,Rand Paul,fake
14043,2017-04-26T15:21:01-04:00,Timothy Dolan,2017,Timothy Dolan,fake
12924,2016-08-17T11:36:54-04:00,TheLastLineOfDefenseorg,2016,TheLastLineOfDefenseorg,real
14273,2017-07-03T07:00:00-04:00,AntiNewsin,2017,AntiNewsin,fake
15292,2018-04-23T13:59:16-04:00,Bloggers,2018,Bloggers,fake
8995,2014-03-04T09:00:38-05:00,Gary Johnson,2014,Gary Johnson,real
14187,2017-06-06T14:13:16-04:00,Bloggers,2017,Bloggers,fake
228,2007-12-13T00:00:00-05:00,Red State Wave,2007,Red State Wave,real
14207,2017-06-13T11:21:56-04:00,Paul Ryan,2017,Paul Ryan,fake
12944,2016-08-22T18:14:10-04:00,Bloggers,2016,Bloggers,real
14222,2017-06-15T14:26:49-04:00,Fred Thompson,2017,Fred Thompson,fake
14085,2017-05-05T15:51:01-04:00,Bloggers,2017,Bloggers,fake
14452,2017-08-23T10:13:59-04:00,Tim Kaine,2017,Tim Kaine,fake
11777,2016-01-19T14:58:10-05:00,TeddyStickcom,2016,TeddyStickcom,real
8221,2013-09-03T14:19:27-04:00,Bloggers,2013,Bloggers,real
13936,2017-04-03T15:00:00-04:00,Bloggers,2017,Bloggers,fake
13570,2016-12-27T13:13:29-05:00,Paul Ryan,2016,Paul Ryan,fake
11761,2016-01-15T11:22:01-05:00,John McCain,2016,John McCain,real
14417,2017-08-10T10:48:47-04:00,Bloggers,2017,Bloggers,fake
13584,2017-01-04T17:32:25-05:00,NewsExaminernet,2017,NewsExaminernet,fake
14306,2017-07-11T15:37:53-04:00,Ted Cruz,2017,Ted Cruz,fake
15562,2018-07-02T16:18:03-04:00,Bloggers,2018,Bloggers,fake
13987,2017-04-14T09:30:00-04:00,TheNewYorkEveningcom,2017,TheNewYorkEveningcom,fake
13955,2017-04-06T10:00:00-04:00,Bloggers,2017,Bloggers,fake
12751,2016-07-21T23:37:37-04:00,Bloggers,2016,Bloggers,real
14727,2017-11-07T14:57:18-05:00,Bloggers,2017,Bloggers,fake
14855,2017-12-15T15:06:19-05:00,Bloggers,2017,Bloggers,fake
14737,2017-11-09T16:00:00-05:00,Donald Trump,2017,Donald Trump,fake
15187,2018-03-26T12:40:38-04:00,React365com,2018,React365com,fake
15206,2018-03-30T09:28:49-04:00,Bloggers,2018,Bloggers,fake
1019,2009-05-15T17:54:17-04:00,FreedomJunkshuncom,2009,FreedomJunkshuncom,real
15494,2018-06-13T16:54:00-04:00,Viral image,2018,Viral image,fake
8310,2013-09-24T17:12:38-04:00,Bloggers,2013,Bloggers,real
52,2007-09-08T00:00:00-04:00,Mark Sanford,2007,Mark Sanford,real
15416,2018-05-23T13:02:17-04:00,Newsflash,2018,Newsflash,fake
986,2009-04-09T17:49:22-04:00,CW Bill Young,2009,CW Bill Young,real
13468,2016-11-16T09:00:00-05:00,Barack Obama,2016,Barack Obama,fake
1701,2010-04-18T16:45:56-04:00,Bloggers,2010,Bloggers,real
14404,2017-08-08T12:20:57-04:00,George Will,2017,George Will,fake
8778,2014-01-17T10:06:58-05:00,AmericanPoliticNews,2014,AmericanPoliticNews,real
14818,2017-12-06T11:47:50-05:00,Bill Clinton,2017,Bill Clinton,fake
13310,2016-10-20T00:57:52-04:00,Bloggers,2016,Bloggers,real
14362,2017-07-26T11:42:43-04:00,Barack Obama,2017,Barack Obama,fake
14960,2018-01-26T15:53:01-05:00,PuppetStringNewscom,2018,PuppetStringNewscom,fake
14481,2017-08-30T16:42:12-04:00,Hillary Clinton,2017,Hillary Clinton,fake
12770,2016-07-25T23:29:19-04:00,Bloggers,2016,Bloggers,real
15545,2018-06-28T10:44:39-04:00,US Political News,2018,US Political News,fake
14795,2017-11-29T11:53:58-05:00,HoustonChronicle tvcom,2017,HoustonChronicle tvcom,fake
15096,2018-03-05T14:02:43-05:00,Michelle Obama,2018,Michelle Obama,fake
15540,2018-06-27T16:15:23-04:00,Bloggers,2018,Bloggers,fake
15626,2018-07-18T17:29:12-04:00,religionmindcom,2018,religionmindcom,fake
15141,2018-03-15T15:43:27-04:00,Bloggers,2018,Bloggers,fake
15030,2018-02-12T15:40:22-05:00,The Houston Post,2018,The Houston Post,fake
14062,2017-05-01T16:21:46-04:00,Bloggers,2017,Bloggers,fake
181,2007-11-15T00:00:00-05:00,Nowtrumpcom,2007,Nowtrumpcom,real
13751,2017-02-16T16:42:59-05:00,Bloggers,2017,Bloggers,fake
15398,2018-05-17T10:56:17-04:00,Bloggers,2018,Bloggers,fake
13744,2017-02-14T17:33:49-05:00,Dennis Kucinich,2017,Dennis Kucinich,fake
15037,2018-02-14T12:00:21-05:00,LearnProgressorg,2018,LearnProgressorg,fake
14123,2017-05-17T10:00:00-04:00,Bloggers,2017,Bloggers,fake
1325,2009-11-16T19:02:44-05:00,Bloggers,2009,Bloggers,real
1560,2010-03-08T10:03:42-05:00,PuppetStringNewscom,2010,PuppetStringNewscom,real
14112,2017-05-12T16:46:46-04:00,Bloggers,2017,Bloggers,fake
14859,2017-12-19T11:29:25-05:00,Sarah Palin,2017,Sarah Palin,fake
14305,2017-07-11T11:33:09-04:00,Glenn Beck,2017,Glenn Beck,fake
12748,2016-07-21T22:42:37-04:00,Bloggers,2016,Bloggers,real
14896,2018-01-05T10:28:43-05:00,American Revolution,2018,American Revolution,fake
8838,2014-01-28T22:58:49-05:00,Newslocom,2014,Newslocom,real
13982,2017-04-13T09:30:00-04:00,Donald Trump,2017,Donald Trump,fake
1201,2009-09-20T19:12:55-04:00,Bluedot Daily,2009,Bluedot Daily,real
15367,2018-05-10T10:20:45-04:00,Barack Obama,2018,Barack Obama,fake
14258,2017-06-26T13:52:46-04:00,Bloggers,2017,Bloggers,fake
15210,2018-03-30T12:33:21-04:00,Barack Obama,2018,Barack Obama,fake
7968,2013-07-01T15:51:19-04:00,TheNewYorkEveningcom,2013,TheNewYorkEveningcom,real
13226,2016-10-09T22:32:38-04:00,FreedomCrossroadsus,2016,FreedomCrossroadsus,real
11577,2015-11-15T00:28:42-05:00,Bloggers,2015,Bloggers,real
14621,2017-10-10T17:27:16-04:00,Bill Maher,2017,Bill Maher,fake
15207,2018-03-30T11:09:37-04:00,Hillary Clinton,2018,Hillary Clinton,fake
15189,2018-03-27T11:57:40-04:00,Bernie Sanders,2018,Bernie Sanders,fake
374,2008-02-25T00:00:00-05:00,Bloggers,2008,Bloggers,real
14601,2017-10-03T16:53:08-04:00,Bloggers,2017,Bloggers,fake
14356,2017-07-24T15:17:20-04:00,Bloggers,2017,Bloggers,fake
787,2008-10-09T00:00:00-04:00,Barack Obama,2008,Barack Obama,real
15553,2018-07-02T10:00:00-04:00,HoustonChronicle tvcom,2018,HoustonChronicle tvcom,fake
13593,2017-01-06T14:30:57-05:00,Bloggers,2017,Bloggers,fake
14814,2017-12-14T13:55:11-05:00,Barack Obama,2017,Barack Obama,real
13978,2017-04-11T17:21:21-04:00,Bloggers,2017,Bloggers,fake
15370,2018-05-10T11:22:16-04:00,Bloggers,2018,Bloggers,fake
15584,2018-07-10T15:30:01-04:00,Truth Examiner,2018,Truth Examiner,real
10332,2014-12-21T17:46:49-05:00,Bloggers,2014,Bloggers,real
13663,2017-01-27T11:42:29-05:00,The Liberty Raise,2017,The Liberty Raise,fake
15655,2018-07-25T14:43:47-04:00,Bloggers,2018,Bloggers,fake
12104,2016-03-21T17:33:30-04:00,Barack Obama,2016,Barack Obama,real
15268,2018-04-13T13:29:16-04:00,Bloggers,2018,Bloggers,fake
13720,2017-02-09T10:00:00-05:00,Bloggers,2017,Bloggers,fake
14785,2017-11-27T15:17:26-05:00,Joe Pitts,2017,Joe Pitts,fake
11931,2016-02-18T14:00:01-05:00,Antiwarcom,2016,Antiwarcom,real
14788,2017-11-28T10:56:11-05:00,Bloggers,2017,Bloggers,fake
15331,2018-05-01T10:26:24-04:00,soutwest aircom,2018,soutwest aircom,fake
212,2007-12-05T00:00:00-05:00,Richard Blumenthal,2007,Richard Blumenthal,real
779,2008-10-07T00:00:00-04:00,YourNewsWirecom,2008,YourNewsWirecom,real
4634,2011-10-18T23:31:30-04:00,Daily World  Update,2011,Daily World Update,real
11747,2016-01-12T23:01:01-05:00,Mitt Romney,2016,Mitt Romney,real
1783,2010-05-12T11:00:52-04:00,Barack Obama,2010,Barack Obama,real
98,2007-10-02T00:00:00-04:00,Michele Bachmann,2007,Michele Bachmann,real
756,2008-09-30T00:00:00-04:00,Barack Obama,2008,Barack Obama,real
772,2008-10-02T00:00:00-04:00,George Will,2008,George Will,real
8629,2013-12-05T17:01:59-05:00,Fred Thompson,2013,Fred Thompson,real
14507,2017-09-08T06:00:00-04:00,Barack Obama,2017,Barack Obama,fake
3131,2011-01-27T17:33:30-05:00,Sarah Palin,2011,Sarah Palin,real
156,2007-11-01T00:00:00-04:00,Barack Obama,2007,Barack Obama,real
15108,2018-03-07T12:04:15-05:00,Babylon Bee,2018,Babylon Bee,fake
229,2007-12-13T00:00:00-05:00,Kent Conrad,2007,Kent Conrad,real
14388,2017-08-03T14:49:42-04:00,Rudy Giuliani,2017,Rudy Giuliani,fake
14587,2017-09-29T14:27:31-04:00,Bloggers,2017,Bloggers,fake
93,2007-09-27T00:00:00-04:00,Chris Dodd,2007,Chris Dodd,real
15270,2018-04-13T13:58:42-04:00,Bloggers,2018,Bloggers,fake
315,2008-01-30T00:00:00-05:00,Vets for Trump,2008,Vets for Trump,real
13893,2017-03-23T10:31:25-04:00,Dennis Kucinich,2017,Dennis Kucinich,fake
1519,2010-02-25T12:37:03-05:00,Bloggers,2010,Bloggers,real
14878,2017-12-28T09:40:09-05:00,Mitt Romney,2017,Mitt Romney,fake
13544,2016-12-15T16:20:25-05:00,Bloggers,2016,Bloggers,fake
13193,2016-10-05T01:08:57-04:00,Harry Reid,2016,Harry Reid,real
14238,2017-06-20T14:30:00-04:00,USA Daily Portal,2017,USA Daily Portal,fake
13467,2016-11-15T16:30:03-05:00,Bipartisan Report,2016,Bipartisan Report,fake
14700,2017-11-02T10:11:12-04:00,Tim Kaine,2017,Tim Kaine,fake
13477,2016-11-17T17:07:49-05:00,TheMiamiGazettecom,2016,TheMiamiGazettecom,real
13617,2017-01-13T14:02:04-05:00,Political Insider,2017,Political Insider,fake
15146,2018-03-15T15:57:02-04:00,Bloggers,2018,Bloggers,fake
11294,2015-09-13T17:56:40-04:00,Rand Paul,2015,Rand Paul,real
14811,2017-12-05T11:12:39-05:00,Bloggers,2017,Bloggers,fake
14376,2017-07-28T15:18:22-04:00,Bloggers,2017,Bloggers,fake
14993,2018-02-01T12:21:01-05:00,Scott Walker,2018,Scott Walker,fake
14745,2017-11-14T13:41:24-05:00,PuppetStringNewscom,2017,PuppetStringNewscom,fake
15159,2018-03-20T11:21:05-04:00,Bloggers,2018,Bloggers,fake
14756,2017-11-15T16:04:18-05:00,CSC MediagroupUSA,2017,CSC MediagroupUSA,fake
14556,2017-09-21T14:01:23-04:00,TheLastLineOfDefenseorg,2017,TheLastLineOfDefenseorg,fake
14448,2017-08-21T10:00:00-04:00,Bloggers,2017,Bloggers,fake
15147,2018-03-16T09:42:53-04:00,US Political,2018,US Political,fake
12556,2016-06-22T12:40:16-04:00,BreakingNews247net,2016,BreakingNews247net,real
14278,2017-06-30T11:29:58-04:00,Bloggers,2017,Bloggers,fake
14259,2017-06-26T12:10:17-04:00,Viral Politics US,2017,Viral Politics US,fake
179,2007-11-15T00:00:00-05:00,Donald Trump,2007,Donald Trump,real
15287,2018-04-20T16:24:46-04:00,Bloggers,2018,Bloggers,fake
14620,2017-10-10T15:58:20-04:00,Bloggers,2017,Bloggers,fake
14311,2017-07-13T10:00:00-04:00,Hillary Clinton,2017,Hillary Clinton,fake
15362,2018-05-10T10:05:59-04:00,Bloggers,2018,Bloggers,fake
14119,2017-05-15T16:27:05-04:00,AsAmericanAsApplePieorg,2017,AsAmericanAsApplePieorg,fake
14071,2017-05-02T17:00:36-04:00,Bloggers,2017,Bloggers,fake
12411,2016-05-20T15:50:46-04:00,RevolutionRadioorg,2016,RevolutionRadioorg,real
13677,2017-01-31T11:14:26-05:00,Bloggers,2017,Bloggers,fake
15049,2018-02-19T10:38:12-05:00,Bloggers,2018,Bloggers,fake
15505,2018-06-18T16:22:31-04:00,Hillary Clinton,2018,Hillary Clinton,fake
13747,2017-02-15T14:38:33-05:00,Bloggers,2017,Bloggers,fake
14040,2017-04-25T22:37:54-04:00,YourNewsWirecom,2017,YourNewsWirecom,fake
9196,2014-04-15T12:22:45-04:00,YourNewsWirecom,2014,YourNewsWirecom,real
2131,2010-07-27T17:26:24-04:00,Bloggers,2010,Bloggers,real
14145,2017-05-23T16:42:34-04:00,DemocraticMomscom,2017,DemocraticMomscom,fake
14297,2017-07-10T11:45:00-04:00,Virginia Foxx,2017,Virginia Foxx,fake
13541,2016-12-15T06:25:56-05:00,Marc Morial,2016,Marc Morial,fake
8846,2014-01-29T17:45:09-05:00,TheRedShtickcom,2014,TheRedShtickcom,real
14667,2017-10-23T13:10:35-04:00,FreedomCrossroadsus,2017,FreedomCrossroadsus,fake
8737,2014-01-07T15:25:55-05:00,Freedom Daily,2014,Freedom Daily,real
2128,2010-07-27T12:01:22-04:00,Barack Obama,2010,Barack Obama,real
15539,2018-06-27T15:16:30-04:00,Bloggers,2018,Bloggers,fake
11189,2015-08-11T13:18:59-04:00,Gene Sperling,2015,Gene Sperling,real
14992,2018-02-01T12:19:14-05:00,Timothy Geithner,2018,Timothy Geithner,real
15334,2018-05-01T15:23:00-04:00,Twentyeightmay,2018,Twentyeightmay,fake
15123,2018-03-09T09:38:55-05:00,Hillary Clinton,2018,Hillary Clinton,fake
13711,2017-02-07T16:52:32-05:00,USA Trainnews,2017,USA Trainnews,fake
14998,2018-02-05T14:59:26-05:00,The Newly Press,2018,The Newly Press,fake
14831,2017-12-11T12:01:12-05:00,Meddaily,2017,Meddaily,fake
8470,2013-10-29T15:41:59-04:00,Bloggers,2013,Bloggers,real
15630,2018-07-19T17:11:40-04:00,Americanproudinfo,2018,Americanproudinfo,fake
14839,2017-12-14T10:07:05-05:00,Evening World,2017,Evening World,fake
3584,2011-04-13T16:45:30-04:00,John  Fleming,2011,John Fleming,real
9576,2014-07-10T18:17:00-04:00,Bloggers,2014,Bloggers,real
13475,2016-11-17T13:59:23-05:00,worldnewsdailyreportcom,2016,worldnewsdailyreportcom,fake
10185,2014-11-02T15:37:10-05:00,Barack Obama,2014,Barack Obama,real
14095,2017-05-09T12:36:26-04:00,Henry Cuellar,2017,Henry Cuellar,fake
9438,2014-06-11T14:34:59-04:00,Bloggers,2014,Bloggers,real
15492,2018-06-13T14:24:27-04:00,Sean Spicer,2018,Sean Spicer,fake
4069,2011-07-07T15:52:17-04:00,Bloggers,2011,Bloggers,real
14888,2018-01-03T14:43:35-05:00,Hillary Clinton,2018,Hillary Clinton,fake
10276,2014-12-04T12:00:46-05:00,Newsflash,2014,Newsflash,real
13855,2017-03-13T17:34:09-04:00,Barack Obama,2017,Barack Obama,real
128,2007-10-17T00:00:00-04:00,Democrats Rising,2007,Democrats Rising,real
15161,2018-03-20T17:07:54-04:00,Charles Schumer,2018,Charles Schumer,fake
13395,2016-11-01T16:07:03-04:00,Donald Trump,2016,Donald Trump,real
674,2008-08-29T00:00:00-04:00,John Edwards,2008,John Edwards,real
86,2007-09-10T00:00:00-04:00,Bloggers,2007,Bloggers,real
13013,2016-09-04T17:56:59-04:00,Hillary Clinton,2016,Hillary Clinton,real
15251,2018-04-10T18:29:22-04:00,Sarah Palin,2018,Sarah Palin,fake
351,2008-02-12T00:00:00-05:00,Hillary Clinton,2008,Hillary Clinton,real
14810,2017-12-05T11:23:15-05:00,Mike Pence,2017,Mike Pence,fake
10408,2015-01-21T00:44:19-05:00,Bloggers,2015,Bloggers,real
13305,2016-10-19T22:07:26-04:00,Hillary Clinton,2016,Hillary Clinton,real
15501,2018-06-18T09:00:00-04:00,newsgroopspeakcom,2018,newsgroopspeakcom,real
14051,2017-04-28T11:00:00-04:00,Barack Obama,2017,Barack Obama,fake
2450,2010-09-23T14:29:49-04:00,Donald Trump,2010,Donald Trump,real
13576,2016-12-30T15:35:08-05:00,The Gateway Pundit,2016,The Gateway Pundit,fake
11855,2016-02-04T19:46:07-05:00,Bloggers,2016,Bloggers,real
2724,2010-10-28T17:57:40-04:00,Citizens for the Republic,2010,Citizens for the Republic,real
15052,2018-02-19T14:42:57-05:00,BuzzFeedUSAcom,2018,BuzzFeedUSAcom,fake
13973,2017-04-11T13:55:09-04:00,Marco Rubio,2017,Marco Rubio,fake
13591,2017-01-06T11:54:00-05:00,Barack Obama,2017,Barack Obama,fake
15475,2018-06-07T12:15:55-04:00,Pamela Geller,2018,Pamela Geller,real
14190,2017-06-07T11:35:27-04:00,CountyNewsroominfo,2017,CountyNewsroominfo,fake
15017,2018-02-08T10:31:31-05:00,Bloggers,2018,Bloggers,fake
57,2007-09-06T00:00:00-04:00,Bloggers,2007,Bloggers,real
9512,2014-06-27T11:53:29-04:00,Vet TV,2014,Vet TV,real
14759,2017-11-16T13:31:18-05:00,Bloggers,2017,Bloggers,fake
1612,2010-03-23T18:22:24-04:00,Dennis Kucinich,2010,Dennis Kucinich,real
4588,2011-10-11T23:58:52-04:00,League of Conservation Voters,2011,League of Conservation Voters,real
14164,2017-05-31T09:38:03-04:00,Duffel Blog,2017,Duffel Blog,fake
14862,2017-12-20T06:30:00-05:00,Bart Stupak,2017,Bart Stupak,fake
14777,2017-11-21T15:06:10-05:00,Rick Perry,2017,Rick Perry,fake
8987,2014-02-28T17:03:12-05:00,Bloggers,2014,Bloggers,real
227,2007-12-15T00:00:00-05:00,TheLastLineOfDefenseorg,2007,TheLastLineOfDefenseorg,real
13765,2017-02-21T15:33:59-05:00,Freshmedianewscom,2017,Freshmedianewscom,fake
3228,2011-02-14T15:40:07-05:00,Louise Slaughter,2011,Louise Slaughter,real
13833,2017-03-08T11:41:50-05:00,Hillary Clinton,2017,Hillary Clinton,real
14386,2017-08-02T09:41:52-04:00,Bloggers,2017,Bloggers,fake
13229,2016-10-10T00:13:20-04:00,Cenk Uygur,2016,Cenk Uygur,real
15319,2018-04-27T10:40:19-04:00,Nancy Pelosi,2018,Nancy Pelosi,real
15544,2018-06-28T10:46:37-04:00,US Daily News 24,2018,US Daily News 24,fake
2139,2010-07-29T11:48:49-04:00,Hillary Clinton,2010,Hillary Clinton,real
13900,2017-03-24T11:45:45-04:00,Jenny Wilson,2017,Jenny Wilson,real
288,2008-01-16T00:00:00-05:00,Bloggers,2008,Bloggers,real
13949,2017-04-04T14:00:00-04:00,Donna Brazile,2017,Donna Brazile,fake
442,2008-04-17T00:00:00-04:00,Carolyn Maloney,2008,Carolyn Maloney,real
2815,2010-11-15T15:56:56-05:00,Hillary Clinton,2010,Hillary Clinton,real
2816,2010-11-15T16:00:32-05:00,Bloggers,2010,Bloggers,real
14927,2018-01-16T16:33:02-05:00,Hillary Clinton,2018,Hillary Clinton,fake
1068,2009-06-29T09:32:02-04:00,Rand Paul,2009,Rand Paul,real
11314,2015-09-16T23:52:16-04:00,Kent Conrad,2015,Kent Conrad,real
11208,2015-08-18T13:48:05-04:00,AmericanNewscom,2015,AmericanNewscom,real
8259,2013-09-12T16:09:06-04:00,George Will,2013,George Will,real
15616,2018-07-17T15:22:45-04:00,Carly Fiorina,2018,Carly Fiorina,fake
15014,2018-02-07T08:04:16-05:00,Cory Booker,2018,Cory Booker,fake
15579,2018-07-10T15:52:26-04:00,Joe Lieberman,2018,Joe Lieberman,fake
15190,2018-03-27T12:23:27-04:00,Bloggers,2018,Bloggers,fake
15592,2018-07-12T11:56:13-04:00,Bloggers,2018,Bloggers,real
9442,2014-06-12T13:52:06-04:00,Bloggers,2014,Bloggers,real
1361,2009-12-11T18:51:03-05:00,Bloggers,2009,Bloggers,real
1251,2009-10-07T16:47:53-04:00,Bloggers,2009,Bloggers,real
1315,2009-11-11T14:44:07-05:00,Hillary Clinton,2009,Hillary Clinton,real
14063,2017-05-01T16:54:13-04:00,Sarah Palin,2017,Sarah Palin,fake
14064,2017-05-01T17:19:48-04:00,Jay Rockefeller,2017,Jay Rockefeller,real
12052,2016-03-11T00:35:58-05:00,Sean Hannity,2016,Sean Hannity,real
13905,2017-04-02T08:45:02-04:00,Bloggers,2017,Bloggers,fake
134,2007-10-19T00:00:00-04:00,Rex Tillerson,2007,Rex Tillerson,real
13087,2016-09-19T11:31:28-04:00,Marco Rubio,2016,Marco Rubio,real
12721,2016-07-19T23:42:48-04:00,Bloggers,2016,Bloggers,real
6657,2012-09-06T23:45:01-04:00,John McCain,2012,John McCain,real
10209,2014-11-11T16:56:06-05:00,Hillary Clinton,2014,Hillary Clinton,real
14595,2017-10-03T13:38:31-04:00,Chris Christie,2017,Chris Christie,fake
14384,2017-08-03T10:44:33-04:00,Barack Obama,2017,Barack Obama,fake
11773,2016-01-18T00:00:00-05:00,Facebook posts,2016,Facebook posts,fake
8769,2014-01-15T16:49:30-05:00,Bloggers,2014,Bloggers,real
14421,2017-08-14T06:00:00-04:00,Bloggers,2017,Bloggers,fake
14771,2017-11-21T15:14:31-05:00,Occupy Democrats,2017,Occupy Democrats,fake
7511,2013-03-13T13:49:07-04:00,Chris Murphy,2013,Chris Murphy,real
14754,2017-11-15T15:29:05-05:00,Rearfrontcom,2017,Rearfrontcom,fake
14161,2017-05-30T10:23:48-04:00,Pipo News,2017,Pipo News,fake
4411,2011-09-08T16:30:10-04:00,Nancy Pelosi,2011,Nancy Pelosi,real
14666,2017-10-23T13:03:54-04:00,Anonymous Caller,2017,Anonymous Caller,fake
13052,2016-09-13T10:31:55-04:00,Bloggers,2016,Bloggers,real
14769,2017-11-20T13:22:01-05:00,Michele Bachmann,2017,Michele Bachmann,fake
14731,2017-11-09T15:36:00-05:00,Bloggers,2017,Bloggers,real
14835,2017-12-11T18:39:48-05:00,Donald Trump,2017,Donald Trump,fake
13897,2017-03-23T15:30:27-04:00,AmericanNewscom,2017,AmericanNewscom,fake
13443,2016-11-06T17:16:01-05:00,Jeff Flake,2016,Jeff Flake,real
12627,2016-07-01T11:54:08-04:00,The Gateway Pundit,2016,The Gateway Pundit,real
1040,2009-06-01T17:36:56-04:00,Bloggers,2009,Bloggers,real
3192,2011-02-07T18:36:23-05:00,Hillary Clinton,2011,Hillary Clinton,real
527,2008-06-16T00:00:00-04:00,Hillary Clinton,2008,Hillary Clinton,real
673,2008-08-28T00:00:00-04:00,Michael Steele,2008,Michael Steele,real
2298,2010-08-30T11:57:58-04:00,Americans Against Food Taxes,2010,Americans Against Food Taxes,real
10348,2015-01-04T18:37:38-05:00,Barack Obama,2015,Barack Obama,real
1575,2010-03-12T11:49:03-05:00,Barack Obama,2010,Barack Obama,real
4130,2011-07-18T16:08:43-04:00,Glenn Beck,2011,Glenn Beck,real
160,2007-10-30T00:00:00-04:00,Amy Klobuchar,2007,Amy Klobuchar,real
3919,2011-06-10T16:47:47-04:00,Jim DeMint,2011,Jim DeMint,real
370,2008-02-22T00:00:00-05:00,Marc Morial,2008,Marc Morial,real
100,2007-10-03T00:00:00-04:00,Chris Dodd,2007,Chris Dodd,real
215,2007-12-10T00:00:00-05:00,Paul Krugman,2007,Paul Krugman,real
247,2007-12-28T00:00:00-05:00,Barack Obama,2007,Barack Obama,real
303,2008-01-22T00:00:00-05:00,Mike Huckabee,2008,Mike Huckabee,real
15604,2018-07-16T10:35:25-04:00,Rudy Giuliani,2018,Rudy Giuliani,fake
15266,2018-04-13T13:55:33-04:00,Mike Huckabee,2018,Mike Huckabee,fake
66,2007-09-13T00:00:00-04:00,Barack Obama,2007,Barack Obama,real
426,2008-04-08T00:00:00-04:00,Bloggers,2008,Bloggers,real
10903,2015-06-04T16:00:36-04:00,Bloggers,2015,Bloggers,real
15402,2018-05-17T17:30:52-04:00,John Edwards,2018,John Edwards,fake
14036,2017-04-25T17:03:35-04:00,MoveOnorg,2017,MoveOnorg,real
23,2007-09-06T00:00:00-04:00,Jeb Bush,2007,Jeb Bush,real
245,2007-12-28T00:00:00-05:00,Bloggers,2007,Bloggers,real
13619,2017-01-17T11:44:02-05:00,Donald Trump,2017,Donald Trump,real
14534,2017-09-15T22:00:38-04:00,Obama Girl,2017,Obama Girl,fake
3179,2011-02-04T17:05:33-05:00,Mitt Romney,2011,Mitt Romney,real
14469,2017-08-28T11:51:02-04:00,Luke Messer,2017,Luke Messer,fake
13919,2017-04-02T06:00:00-04:00,Dana Rohrabacher,2017,Dana Rohrabacher,fake
13931,2017-04-02T08:00:00-04:00,Ross Douthat,2017,Ross Douthat,fake
15645,2018-07-24T15:26:17-04:00,Bloggers,2018,Bloggers,real
12587,2016-06-27T16:08:27-04:00,Bloggers,2016,Bloggers,real
6645,2012-09-06T17:25:58-04:00,Bloggers,2012,Bloggers,real
15625,2018-07-19T15:36:41-04:00,Tim Kaine,2018,Tim Kaine,fake
14750,2017-11-15T11:43:49-05:00,Hillary Clinton,2017,Hillary Clinton,fake
513,2008-06-04T00:00:00-04:00,Bob King,2008,Bob King,real
3341,2011-03-03T14:25:44-05:00,Bloggers,2011,Bloggers,real
304,2008-01-22T00:00:00-05:00,Activist Mommy,2008,Activist Mommy,real
13501,2016-12-01T13:23:56-05:00,John McCain,2016,John McCain,fake
15532,2018-06-25T17:07:52-04:00,Betty McCollum,2018,Betty McCollum,fake
13929,2017-04-02T06:00:00-04:00,John Edwards,2017,John Edwards,fake
503,2008-05-29T00:00:00-04:00,Bloggers,2008,Bloggers,real
224,2007-12-12T00:00:00-05:00,Bloggers,2007,Bloggers,real
13130,2016-09-27T01:24:32-04:00,Bloggers,2016,Bloggers,real
13138,2016-09-27T01:28:54-04:00,John McCain,2016,John McCain,real
13912,2017-04-02T05:00:00-04:00,Joe Biden,2017,Joe Biden,fake
769,2008-10-02T00:00:00-04:00,Donald Trump,2008,Donald Trump,real
14426,2017-08-14T17:31:07-04:00,Hillary Clinton,2017,Hillary Clinton,fake
3050,2011-01-12T11:52:22-05:00,Bloggers,2011,Bloggers,real
14827,2017-12-08T15:26:56-05:00,Sarah Palin,2017,Sarah Palin,fake
2959,2010-12-14T13:49:04-05:00,PuppetStringNewscom,2010,PuppetStringNewscom,real
11416,2015-10-13T21:26:20-04:00,Sarah Palin,2015,Sarah Palin,real
2943,2010-12-10T14:46:33-05:00,Bloggers,2010,Bloggers,real
3117,2011-01-25T23:59:50-05:00,Bernie Sanders,2011,Bernie Sanders,real
15191,2018-03-28T10:24:51-04:00,Hillary Clinton,2018,Hillary Clinton,real
11066,2015-07-15T10:15:59-04:00,Bernie Sanders,2015,Bernie Sanders,real
3984,2011-06-23T14:00:44-04:00,Paul Ryan,2011,Paul Ryan,real
14225,2017-06-16T14:42:42-04:00,Bloggers,2017,Bloggers,real
7618,2013-04-09T11:16:16-04:00,Hillary Clinton,2013,Hillary Clinton,real
13484,2016-11-22T15:01:18-05:00,Jon Huntsman,2016,Jon Huntsman,fake
10945,2015-06-15T17:22:12-04:00,Ivanka Trump,2015,Ivanka Trump,real
195,2007-11-26T00:00:00-05:00,Rahm Emanuel,2007,Rahm Emanuel,real
15379,2018-05-14T14:46:08-04:00,Bloggers,2018,Bloggers,real
15512,2018-06-20T09:00:00-04:00,Hillary Clinton,2018,Hillary Clinton,fake
104,2007-10-05T00:00:00-04:00,Mitt Romney,2007,Mitt Romney,real
568,2008-07-15T00:00:00-04:00,The Breaking Dawn,2008,The Breaking Dawn,real
691,2008-09-04T00:00:00-04:00,Common Sense News,2008,Common Sense News,real
671,2008-08-28T00:00:00-04:00,Mitt Romney,2008,Mitt Romney,real
14840,2017-12-19T09:51:08-05:00,Barack Obama,2017,Barack Obama,fake
15004,2018-02-02T12:18:09-05:00,Sarah Palin,2018,Sarah Palin,fake
438,2008-04-16T00:00:00-04:00,Joe Biden,2008,Joe Biden,real
1051,2009-06-11T17:22:51-04:00,truthcommandcom,2009,truthcommandcom,real
6931,2012-10-16T22:44:14-04:00,Eco News ,2012,Eco News,real
10533,2015-02-23T10:00:00-05:00,Barack Obama,2015,Barack Obama,real
14114,2017-05-15T11:46:29-04:00,Mike Pence,2017,Mike Pence,real
14116,2017-05-15T16:37:34-04:00,Mitt Romney,2017,Mitt Romney,fake
2166,2010-08-02T16:13:52-04:00,Eric Holder,2010,Eric Holder,real
14188,2017-06-06T14:13:49-04:00,Donald Trump,2017,Donald Trump,fake
7376,2013-02-12T21:43:43-05:00,Bloggers,2013,Bloggers,real
11711,2015-12-20T15:25:23-05:00,George Will,2015,George Will,real
8071,2013-07-25T17:09:52-04:00,Uspoln Website,2013,Uspoln Website,real
12801,2016-07-27T21:41:23-04:00,Barack Obama,2016,Barack Obama,real
13431,2016-11-07T10:25:34-05:00,Donald Trump,2016,Donald Trump,real
3180,2011-02-04T17:12:02-05:00,Barack Obama,2011,Barack Obama,real
3539,2011-04-06T17:26:56-04:00,Chris Murphy,2011,Chris Murphy,real
3734,2011-05-11T12:07:43-04:00,Tim Kaine,2011,Tim Kaine,real
13561,2016-12-21T13:09:00-05:00,Rand Paul,2016,Rand Paul,fake
14749,2017-11-14T17:50:14-05:00,Debbie Stabenow,2017,Debbie Stabenow,fake
14837,2017-12-12T11:22:12-05:00,Barack Obama,2017,Barack Obama,fake
4586,2011-10-11T23:02:24-04:00,USA Snich,2011,USA Snich,real
14506,2017-09-08T06:00:00-04:00,Bloggers,2017,Bloggers,fake
15477,2018-06-07T15:12:49-04:00,Shared This,2018,Shared This,fake
4088,2011-07-11T14:40:33-04:00,Michele Bachmann,2011,Michele Bachmann,real
13745,2017-02-15T11:49:34-05:00,Bloggers,2017,Bloggers,fake
4358,2011-08-30T11:38:21-04:00,Bloggers,2011,Bloggers,real
15262,2018-04-13T13:44:27-04:00,Paul Krugman,2018,Paul Krugman,real
207,2007-11-29T00:00:00-05:00,Liberal Blogger,2007,Liberal Blogger,real
13136,2016-09-27T01:26:46-04:00,Xavier Becerra,2016,Xavier Becerra,real
667,2008-08-28T00:00:00-04:00,The Sentinel,2008,The Sentinel,real
2208,2010-08-12T16:29:40-04:00,John McCain,2010,John McCain,real
649,2008-08-25T00:00:00-04:00,Hillary Clinton,2008,Hillary Clinton,real
463,2008-05-01T00:00:00-04:00,Joe Biden,2008,Joe Biden,real
7923,2013-06-20T14:54:09-04:00,Rachel Maddow,2013,Rachel Maddow,real
5237,2012-01-24T23:46:57-05:00,Democratic National Committee,2012,Democratic National Committee,real
5410,2012-02-24T12:43:38-05:00,David Brooks,2012,David Brooks,real
14174,2017-06-01T14:23:08-04:00,Hillary Clinton,2017,Hillary Clinton,real
4720,2011-11-02T15:18:09-04:00,Joe Biden,2011,Joe Biden,real
14722,2017-11-06T17:17:12-05:00,Barack Obama,2017,Barack Obama,fake
11399,2015-10-07T17:40:15-04:00,Rick Santorum,2015,Rick Santorum,real
14427,2017-08-14T17:40:25-04:00,Debbie Wasserman Schultz,2017,Debbie Wasserman Schultz,fake
14447,2017-08-18T13:50:50-04:00,Jon Huntsman,2017,Jon Huntsman,fake
14511,2017-09-11T10:59:45-04:00,YourNewsWirecom,2017,YourNewsWirecom,real
11627,2015-11-24T17:51:18-05:00,Club for Growth,2015,Club for Growth,real
2048,2010-07-15T12:16:12-04:00,PuppetStringNewscom,2010,PuppetStringNewscom,real
1755,2010-05-03T18:46:32-04:00,Bloggers,2010,Bloggers,real
2318,2010-09-01T17:52:48-04:00,Eric Schneiderman,2010,Eric Schneiderman,real
2258,2010-08-19T14:56:25-04:00,Bernie Sanders,2010,Bernie Sanders,real
2241,2010-08-17T14:43:22-04:00,Ron Paul,2010,Ron Paul,real
9151,2014-04-06T18:05:20-04:00,Katrina vanden Heuvel,2014,Katrina vanden Heuvel,real
3113,2011-01-25T21:06:04-05:00,Harry Reid,2011,Harry Reid,real
13038,2016-09-09T10:06:32-04:00,Ileana Ros Lehtinen,2016,Ileana Ros Lehtinen,fake
13068,2016-09-14T16:29:40-04:00,Eddie Bernice  Johnson,2016,Eddie Bernice Johnson,real
6472,2012-08-14T18:15:56-04:00,Michael McCaul,2012,Michael McCaul,real
5659,2012-04-02T17:16:50-04:00,Barack Obama,2012,Barack Obama,real
6408,2012-08-07T15:44:38-04:00,Occupy Democrats,2012,Occupy Democrats,real
13921,2017-04-02T07:00:00-04:00,Hillary Clinton,2017,Hillary Clinton,fake
11580,2015-11-15T16:18:21-05:00,Barack Obama,2015,Barack Obama,real
3115,2011-01-25T23:02:57-05:00,Barack Obama,2011,Barack Obama,real
15418,2018-05-24T09:00:00-04:00,Mitt Romney,2018,Mitt Romney,fake
12755,2016-07-22T01:02:06-04:00,Bloggers,2016,Bloggers,real
4181,2011-07-26T12:42:53-04:00,Ben Rhodes,2011,Ben Rhodes,real
14167,2017-05-31T11:00:00-04:00,Barack Obama,2017,Barack Obama,real
287,2008-01-16T00:00:00-05:00,Conservative Stories,2008,Conservative Stories,real
13942,2017-04-02T06:00:00-04:00,Donald Trump,2017,Donald Trump,fake
73,2007-09-18T00:00:00-04:00,Barack Obama,2007,Barack Obama,real
14070,2017-05-02T17:20:59-04:00,John Kelly,2017,John Kelly,real
825,2008-10-27T00:00:00-04:00,Barack Obama,2008,Barack Obama,real
1026,2009-05-21T17:54:30-04:00,Bloggers,2009,Bloggers,real
3898,2011-06-08T16:26:24-04:00,Hillary Clinton,2011,Hillary Clinton,real
15453,2018-05-31T16:10:31-04:00,Donald Trump,2018,Donald Trump,real
13420,2016-11-03T15:38:00-04:00,Planned Parenthood,2016,Planned Parenthood,real
13515,2016-12-07T11:00:00-05:00,Richard Durbin,2016,Richard Durbin,fake
3935,2011-06-14T17:37:18-04:00,Elijah Cummings,2011,Elijah Cummings,real
13682,2017-02-02T16:23:52-05:00,Ben Sasse,2017,Ben Sasse,real
6603,2012-08-31T00:32:11-04:00,Hillary Clinton,2012,Hillary Clinton,real
15341,2018-05-03T10:49:48-04:00,Sid Miller,2018,Sid Miller,fake
12418,2016-05-22T16:04:04-04:00,Michele Bachmann,2016,Michele Bachmann,real
3527,2011-04-04T16:08:42-04:00,Keith Ellison,2011,Keith Ellison,real
4291,2011-08-15T17:26:20-04:00,Mitt Romney,2011,Mitt Romney,real
1177,2009-09-09T19:30:35-04:00,Patriotnetworkone,2009,Patriotnetworkone,real
512,2008-06-04T00:00:00-04:00,Hillary Clinton,2008,Hillary Clinton,real
14402,2017-08-07T17:28:23-04:00,George Will,2017,George Will,fake
11699,2015-12-17T11:29:56-05:00,Paul Krugman,2015,Paul Krugman,real
4850,2011-11-28T13:59:12-05:00,Barack Obama,2011,Barack Obama,real
9691,2014-07-31T11:34:58-04:00,Barack Obama,2014,Barack Obama,real
13260,2016-10-13T17:36:31-04:00,Bloggers,2016,Bloggers,real
13303,2016-10-19T23:15:20-04:00,Rand Paul,2016,Rand Paul,real
13244,2016-10-11T18:22:01-04:00,Democratic National Committee,2016,Democratic National Committee,real
13943,2017-04-02T06:00:00-04:00,Nancy Pelosi,2017,Nancy Pelosi,fake
14991,2018-02-01T11:59:59-05:00,Hillary Clinton,2018,Hillary Clinton,fake
285,2008-01-15T00:00:00-05:00,Hillary Clinton,2008,Hillary Clinton,real
3428,2011-03-15T17:22:31-04:00,Hillary Clinton,2011,Hillary Clinton,real
10371,2015-01-11T11:57:45-05:00,Bloggers,2015,Bloggers,real
3198,2011-02-08T13:56:52-05:00,Breitbart,2011,Breitbart,real
3304,2011-02-24T17:42:15-05:00,Mitt Romney,2011,Mitt Romney,real
15371,2018-05-10T12:03:18-04:00,George Will,2018,George Will,fake
14474,2017-08-29T13:09:42-04:00,Michael McCaul,2017,Michael McCaul,real
14155,2017-05-26T12:15:39-04:00,Bill OReilly,2017,Bill OReilly,fake
3731,2011-05-10T17:35:43-04:00,Jeff Fitzgerald,2011,Jeff Fitzgerald,real
11021,2015-07-02T11:06:44-04:00,WashingtonSources,2015,WashingtonSources,real
7182,2012-12-17T12:24:22-05:00,Adam Schiff,2012,Adam Schiff,real
2592,2010-10-14T18:04:10-04:00,PatriotCriercom,2010,PatriotCriercom,real
15133,2018-03-14T10:37:41-04:00,Barack Obama,2018,Barack Obama,real
2435,2010-09-22T10:02:45-04:00,Facebook posts,2010,Facebook posts,real
542,2008-06-24T00:00:00-04:00,Allen West,2008,Allen West,real
751,2008-09-27T00:00:00-04:00,Chris  Coons,2008,Chris Coons,real
740,2008-10-01T00:00:00-04:00,Donald Trump,2008,Donald Trump,real
6932,2012-10-16T23:07:07-04:00,Barack Obama,2012,Barack Obama,real
5276,2012-01-30T17:25:53-05:00,John McCain,2012,John McCain,real
11770,2016-01-17T22:39:48-05:00,John McCain,2016,John McCain,real
13496,2016-11-29T17:10:36-05:00,Defenders of Wildlife Action Fund,2016,Defenders of Wildlife Action Fund,fake
15570,2018-07-05T15:38:28-04:00,Barack Obama,2018,Barack Obama,fake
10787,2015-05-01T09:49:46-04:00,Chain email,2015,Chain email,real
239,2007-12-19T00:00:00-05:00,Hillary Clinton,2007,Hillary Clinton,real
1866,2010-06-11T13:08:27-04:00,Bloggers,2010,Bloggers,real
106,2007-10-07T00:00:00-04:00,Diamond and Silk,2007,Diamond and Silk,real
14596,2017-10-03T14:27:39-04:00,Marco Rubio,2017,Marco Rubio,fake
648,2008-08-26T00:00:00-04:00,Ron Paul,2008,Ron Paul,real
357,2008-02-15T00:00:00-05:00,Jerry Brown,2008,Jerry Brown,real
599,2008-08-01T00:00:00-04:00,Hillary Clinton,2008,Hillary Clinton,real
423,2008-04-08T00:00:00-04:00,Bloggers,2008,Bloggers,real
7390,2013-02-15T11:25:23-05:00,Democratic National Committee,2013,Democratic National Committee,real
1180,2009-09-09T21:31:29-04:00,Chain email,2009,Chain email,real
11115,2015-07-26T18:33:14-04:00,Barack Obama,2015,Barack Obama,real
4451,2011-09-15T16:24:24-04:00,MoveOnorg,2011,MoveOnorg,real
4177,2011-07-25T17:48:34-04:00,Barack Obama,2011,Barack Obama,real
11191,2015-08-11T15:31:01-04:00,Barack Obama,2015,Barack Obama,real
11072,2015-07-16T11:08:54-04:00,Rand Paul,2015,Rand Paul,real
9802,2014-08-21T13:52:02-04:00,Sean Hannity,2014,Sean Hannity,real
910,2009-01-19T19:11:52-05:00,Ron Paul,2009,Ron Paul,real
2624,2010-10-18T18:14:09-04:00,Carly Fiorina,2010,Carly Fiorina,real
13352,2016-10-26T17:19:52-04:00,Bobby Jindal,2016,Bobby Jindal,real
276,2008-01-10T00:00:00-05:00,Rand Paul,2008,Rand Paul,real
6267,2012-07-16T16:39:48-04:00,Nancy Pelosi,2012,Nancy Pelosi,real
186,2007-11-27T00:00:00-05:00,Michael Bennet,2007,Michael Bennet,real
5321,2012-02-08T15:31:51-05:00,Hillary Clinton,2012,Hillary Clinton,real
13058,2016-09-13T17:21:30-04:00,Mike Huckabee,2016,Mike Huckabee,real
15525,2018-06-25T12:27:16-04:00,Barack Obama,2018,Barack Obama,fake
2205,2010-08-10T11:47:44-04:00,Fred Thompson,2010,Fred Thompson,real
2281,2010-08-26T13:49:37-04:00,Mitt Romney,2010,Mitt Romney,real
6831,2012-10-04T12:03:05-04:00,Barack Obama,2012,Barack Obama,real
12486,2016-06-06T17:54:47-04:00,Bloggers,2016,Bloggers,real
15135,2018-03-14T17:54:21-04:00,Gen Peter Chiarelli,2018,Gen Peter Chiarelli,fake
4275,2011-08-12T11:12:11-04:00,Michael Bloomberg,2011,Michael Bloomberg,real
502,2008-06-02T00:00:00-04:00,Mitt Romney,2008,Mitt Romney,real
246,2007-12-28T00:00:00-05:00,Hillary Clinton,2007,Hillary Clinton,real
8537,2013-11-13T10:00:00-05:00,Liberty Headlines,2013,Liberty Headlines,real
348,2008-02-11T00:00:00-05:00,Tim Pawlenty,2008,Tim Pawlenty,real
329,2008-02-01T00:00:00-05:00,Barack Obama,2008,Barack Obama,real
4591,2011-10-18T22:35:37-04:00,Mitt Romney,2011,Mitt Romney,real
401,2008-03-17T00:00:00-04:00,Steve Israel,2008,Steve Israel,real
554,2008-07-02T00:00:00-04:00,Barack Obama,2008,Barack Obama,real
201,2007-11-28T00:00:00-05:00,Barack Obama,2007,Barack Obama,real
582,2008-07-22T00:00:00-04:00,Mitt Romney,2008,Mitt Romney,real
3892,2011-06-08T12:43:11-04:00,Campaign to Defend America,2011,Campaign to Defend America,real
677,2008-08-31T00:00:00-04:00,Bob Barr,2008,Bob Barr,real
208,2007-12-03T00:00:00-05:00,Mitt Romney,2007,Mitt Romney,real
574,2008-07-31T00:00:00-04:00,Barack Obama,2008,Barack Obama,real
206,2007-11-29T00:00:00-05:00,Janice Hahn,2007,Janice Hahn,real
6641,2012-09-06T00:19:10-04:00,John McCain,2012,John McCain,real
1161,2009-08-31T14:25:18-04:00,Mike Huckabee,2009,Mike Huckabee,real
2594,2010-10-14T17:29:35-04:00,Campaign Money Watch,2010,Campaign Money Watch,real
15031,2018-02-12T11:14:11-05:00,Ron Paul,2018,Ron Paul,real
310,2008-01-27T00:00:00-05:00,Bill Clinton,2008,Bill Clinton,real
14144,2017-05-23T14:06:32-04:00,Newt Gingrich,2017,Newt Gingrich,fake
4809,2011-11-18T11:28:11-05:00,Joe Manchin,2011,Joe Manchin,real
6234,2012-07-10T15:59:40-04:00,Breitbart,2012,Breitbart,real
968,2009-03-23T17:15:12-04:00,Mitt Romney,2009,Mitt Romney,real
2836,2010-11-18T14:46:55-05:00,Newt Gingrich,2010,Newt Gingrich,real
1106,2009-07-30T17:12:32-04:00,Joe Biden,2009,Joe Biden,real
3335,2011-03-02T10:56:02-05:00,Robert Gibbs,2011,Robert Gibbs,real
4190,2011-07-27T15:56:19-04:00,Barack Obama,2011,Barack Obama,real
2758,2010-10-31T17:10:27-04:00,John Pistole,2010,John Pistole,real
642,2008-08-23T00:00:00-04:00,Chain email,2008,Chain email,real
12945,2016-08-22T18:41:47-04:00,Scott Walker,2016,Scott Walker,real
1823,2010-05-24T17:36:23-04:00,Barack Obama,2010,Barack Obama,real
746,2008-09-26T00:00:00-04:00,John Boehner,2008,John Boehner,real
8611,2013-11-27T15:19:05-05:00,Joe Biden,2013,Joe Biden,real
695,2008-09-04T00:00:00-04:00,Hillary Clinton,2008,Hillary Clinton,real
7506,2013-03-12T13:57:18-04:00,Chris Matthews,2013,Chris Matthews,real
6089,2012-06-14T17:14:11-04:00,Barack Obama,2012,Barack Obama,real
14880,2017-12-29T15:31:28-05:00,Marco Rubio,2017,Marco Rubio,real
14135,2017-05-18T16:17:38-04:00,Sarah Palin,2017,Sarah Palin,fake
1143,2009-08-18T18:26:15-04:00,Rand Paul,2009,Rand Paul,real
509,2008-07-11T00:00:00-04:00,National Rifle Association,2008,National Rifle Association,real
7872,2013-06-07T10:55:36-04:00,  Infowars,2013,Infowars,real
546,2008-06-27T00:00:00-04:00,Chain email,2008,Chain email,real
84,2007-09-21T00:00:00-04:00,J James Rohack,2007,J James Rohack,real
150,2007-10-30T00:00:00-04:00,John McCain,2007,John McCain,real
211,2007-12-04T00:00:00-05:00,Tim Griffin,2007,Tim Griffin,real
13766,2017-02-21T16:09:46-05:00,John McCain,2017,John McCain,fake
99,2007-10-02T00:00:00-04:00,Republican National Committee,2007,Republican National Committee,real
1130,2009-08-11T17:23:25-04:00,Mitt Romney,2009,Mitt Romney,real
319,2008-01-28T00:00:00-05:00,John McCain,2008,John McCain,real
5868,2012-05-08T11:06:50-04:00,Bloggers,2012,Bloggers,real
279,2008-01-11T00:00:00-05:00,John McCain,2008,John McCain,real
14664,2017-10-20T10:28:02-04:00,Barack Obama,2017,Barack Obama,fake
6612,2012-08-31T17:18:50-04:00,John McCain,2012,John McCain,real
14932,2018-01-17T11:51:47-05:00,Barack Obama,2018,Barack Obama,fake
429,2008-04-23T00:00:00-04:00,Mike Huckabee,2008,Mike Huckabee,real
6730,2012-09-18T18:06:41-04:00,Breitbart,2012,Breitbart,real
2093,2010-07-21T11:51:18-04:00,Mitt Romney,2010,Mitt Romney,real
1063,2009-06-25T14:13:57-04:00,Republican News,2009,Republican News,real
669,2008-08-28T00:00:00-04:00,Focus on the Family Action,2008,Focus on the Family Action,real
8005,2013-07-11T10:55:01-04:00,Mitt Romney,2013,Mitt Romney,real
4879,2011-12-02T17:38:01-05:00,Joe Biden,2011,Joe Biden,real
7668,2013-04-18T15:37:46-04:00,Edward  Markey,2013,Edward Markey,real
333,2008-02-04T00:00:00-05:00,Barack Obama,2008,Barack Obama,real
7665,2013-04-18T13:49:28-04:00,Rand Paul,2013,Rand Paul,real
785,2008-10-08T00:00:00-04:00,Rick Santorum,2008,Rick Santorum,real
12148,2016-03-30T12:24:36-04:00,Barack Obama,2016,Barack Obama,real
7540,2013-03-20T12:08:02-04:00,Mitt Romney,2013,Mitt Romney,real
499,2008-05-23T00:00:00-04:00,Gabrielle Giffords,2008,Gabrielle Giffords,real
806,2008-10-15T00:00:00-04:00,Barack Obama,2008,Barack Obama,real
906,2009-01-16T13:53:15-05:00,Hillary Clinton,2009,Hillary Clinton,real
4433,2011-09-12T20:54:54-04:00,Sarah Palin,2011,Sarah Palin,real
4372,2011-09-01T12:05:52-04:00,Barack Obama,2011,Barack Obama,real
317,2008-01-25T00:00:00-05:00,John McCain,2008,John McCain,real
462,2008-05-01T00:00:00-04:00,Competitive Enterprise Institute,2008,Competitive Enterprise Institute,real
11989,2016-03-02T11:53:19-05:00,Mitt Romney,2016,Mitt Romney,real
997,2009-04-30T17:32:22-04:00,Robert Reich,2009,Robert Reich,real
421,2008-04-08T00:00:00-04:00,Bill Clinton,2008,Bill Clinton,real
780,2008-10-07T00:00:00-04:00,Hillary Clinton,2008,Hillary Clinton,real
7595,2013-04-02T17:21:45-04:00,Ted Cruz,2013,Ted Cruz,real
6556,2012-08-27T18:02:59-04:00,Barack Obama,2012,Barack Obama,real
8130,2013-08-08T12:22:59-04:00,MoveOnorg,2013,MoveOnorg,real
1312,2009-11-10T18:02:10-05:00,John McCain,2009,John McCain,real
14863,2017-12-20T09:55:15-05:00,Mark Kelly,2017,Mark Kelly,fake
263,2008-01-06T00:00:00-05:00,Reince Priebus,2008,Reince Priebus,real
2964,2010-12-15T14:01:53-05:00,Ted Deutch,2010,Ted Deutch,real
8989,2014-03-02T15:44:24-05:00,Planned Parenthood,2014,Planned Parenthood,real
1084,2009-07-13T17:48:18-04:00,USA In Front,2009,USA In Front,real
497,2008-05-23T00:00:00-04:00,Hillary Clinton,2008,Hillary Clinton,real
3281,2011-02-21T18:55:11-05:00,Barack Obama,2011,Barack Obama,real
1176,2009-09-09T18:45:56-04:00,Mike  Rogers,2009,Mike Rogers,real
4887,2011-12-02T17:59:04-05:00,Lindsey Graham,2011,Lindsey Graham,real
6519,2012-08-23T12:36:23-04:00,Barack Obama,2012,Barack Obama,real
439,2008-04-16T00:00:00-04:00,George Will,2008,George Will,real
5469,2012-03-02T16:20:37-05:00,Matt Miller,2012,Matt Miller,real
343,2008-02-08T00:00:00-05:00,Mitt Romney,2008,Mitt Romney,real
409,2008-03-27T00:00:00-04:00,Barack Obama,2008,Barack Obama,real
14920,2018-01-11T16:18:16-05:00,Hillary Clinton,2018,Hillary Clinton,real
3468,2011-03-24T15:03:37-04:00,Red  White and Blue Fund,2011,Red White and Blue Fund,real
258,2008-01-03T00:00:00-05:00,Mike Huckabee,2008,Mike Huckabee,real
4080,2011-07-08T16:07:55-04:00,Bill Clinton,2011,Bill Clinton,real
620,2008-08-12T00:00:00-04:00,Norm Eisen,2008,Norm Eisen,real
1307,2009-11-09T18:32:41-05:00,Lawrence ODonnell,2009,Lawrence ODonnell,real
979,2009-03-31T17:27:33-04:00,Mitt Romney,2009,Mitt Romney,real
700,2008-09-05T00:00:00-04:00,John Cornyn,2008,John Cornyn,real
4306,2011-08-18T12:01:21-04:00,Barack Obama,2011,Barack Obama,real
627,2008-08-15T00:00:00-04:00,Barack Obama,2008,Barack Obama,real
1118,2009-08-06T18:38:20-04:00,Barack Obama,2009,Barack Obama,real
6173,2012-06-28T17:19:57-04:00,John McCain,2012,John McCain,real
783,2008-12-03T00:00:00-05:00,Warren Buffett,2008,Warren Buffett,real
2393,2010-09-15T10:30:13-04:00,John McCain,2010,John McCain,real
621,2008-08-13T00:00:00-04:00,Public Citizen,2008,Public Citizen,real
1135,2009-08-14T17:07:25-04:00,Sarah Palin,2009,Sarah Palin,real
741,2008-10-01T00:00:00-04:00,John McCain,2008,John McCain,real
773,2008-10-06T00:00:00-04:00,John Dennis,2008,John Dennis,real
214,2007-12-06T00:00:00-05:00,Barack Obama,2007,Barack Obama,real
489,2008-05-19T00:00:00-04:00,David Axelrod,2008,David Axelrod,real
1333,2009-11-19T19:14:49-05:00,Defenders of Wildlife Action Fund,2009,Defenders of Wildlife Action Fund,real
6146,2012-06-22T17:10:18-04:00,Joe Biden,2012,Joe Biden,real
5690,2012-04-05T17:29:46-04:00,Hillary Clinton,2012,Hillary Clinton,real
528,2008-06-17T00:00:00-04:00,Barack Obama,2008,Barack Obama,real
943,2009-02-25T15:22:21-05:00,Ralph Nader,2009,Ralph Nader,real
216,2007-12-10T00:00:00-05:00,Chain email,2007,Chain email,real
600,2008-08-01T00:00:00-04:00,David Plouffe,2008,David Plouffe,real
6537,2012-08-26T16:22:48-04:00,Barack Obama,2012,Barack Obama,real
681,2008-09-01T00:00:00-04:00,John McCain,2008,John McCain,real
724,2008-09-18T00:00:00-04:00,John McCain,2008,John McCain,real
356,2008-02-14T00:00:00-05:00,Hillary Clinton,2008,Hillary Clinton,real
320,2008-01-28T00:00:00-05:00,Barack Obama,2008,Barack Obama,real
3455,2011-03-22T09:56:48-04:00,Mitt Romney,2011,Mitt Romney,real
14940,2018-01-22T10:30:08-05:00,Lindsey Graham,2018,Lindsey Graham,real
6277,2012-07-17T16:30:40-04:00,Barack Obama,2012,Barack Obama,real
8045,2013-07-19T11:46:09-04:00,James Dobson,2013,James Dobson,real
2734,2010-10-29T15:15:01-04:00,John McCain,2010,John McCain,real
679,2008-09-01T00:00:00-04:00,Robin Wright,2008,Robin Wright,real
3632,2011-04-25T15:30:04-04:00,Jeff Flake,2011,Jeff Flake,real
6360,2012-07-31T15:57:54-04:00,Barack Obama,2012,Barack Obama,real
5632,2012-03-27T16:36:42-04:00,Tom Cole,2012,Tom Cole,real
7888,2013-06-13T14:39:54-04:00,Sharron Angle,2013,Sharron Angle,real
336,2008-02-04T00:00:00-05:00,Sarah Palin,2008,Sarah Palin,real
1038,2009-05-29T16:19:05-04:00,Paul Krugman,2009,Paul Krugman,real
998,2009-04-30T17:06:05-04:00,Bernie Sanders,2009,Bernie Sanders,real
408,2008-03-27T00:00:00-04:00,Barack Obama,2008,Barack Obama,real
4555,2011-10-06T14:44:22-04:00,Mark Udall,2011,Mark Udall,real
230,2007-12-17T00:00:00-05:00,Citizens United Political Victory Fund,2007,Citizens United Political Victory Fund,real
951,2009-03-05T18:39:40-05:00,North Korean foreign ministry,2009,North Korean foreign ministry,real
368,2008-02-22T00:00:00-05:00,John Boehner,2008,John Boehner,real
379,2008-02-27T00:00:00-05:00,Bill Clinton,2008,Bill Clinton,real
6939,2012-10-17T13:26:05-04:00,Bernie Sanders,2012,Bernie Sanders,real
720,2008-09-16T00:00:00-04:00,Hillary Clinton,2008,Hillary Clinton,real
834,2008-10-29T00:00:00-04:00,Barack Obama,2008,Barack Obama,real
596,2008-07-30T00:00:00-04:00,Barack Obama,2008,Barack Obama,real
414,2008-04-01T00:00:00-04:00,Hillary Clinton,2008,Hillary Clinton,real
390,2008-03-07T00:00:00-05:00,Barack Obama,2008,Barack Obama,real
5011,2011-12-21T15:30:00-05:00,Barack Obama,2011,Barack Obama,real
763,2008-10-09T00:00:00-04:00,John McCain,2008,John McCain,real
412,2008-03-26T00:00:00-04:00,Barack Obama,2008,Barack Obama,real
976,2009-03-27T16:33:46-04:00,Barack Obama,2009,Barack Obama,real
445,2008-04-17T00:00:00-04:00,Carl Levin,2008,Carl Levin,real
1277,2009-10-23T19:03:09-04:00,Barack Obama,2009,Barack Obama,real
1213,2009-09-25T17:05:40-04:00,Restore Our Future,2009,Restore Our Future,real
809,2008-10-16T00:00:00-04:00,National Right to Life Committee,2008,National Right to Life Committee,real
4858,2011-11-29T16:51:15-05:00,Mike Gravel,2011,Mike Gravel,real
1027,2009-05-21T18:15:17-04:00,Robert Gibbs,2009,Robert Gibbs,real
9734,2014-08-07T11:55:10-04:00,Barack Obama,2014,Barack Obama,real
683,2008-09-02T00:00:00-04:00,Robert Gibbs,2008,Robert Gibbs,real
3581,2011-04-13T13:39:57-04:00,Michael Moore,2011,Michael Moore,real
1028,2009-05-21T19:04:20-04:00,Barack Obama,2009,Barack Obama,real
535,2008-06-20T00:00:00-04:00,Democratic National Committee,2008,Democratic National Committee,real
3320,2011-02-28T10:33:56-05:00,Barack Obama,2011,Barack Obama,real
377,2008-02-27T00:00:00-05:00,Rand Paul,2008,Rand Paul,real
12057,2016-03-13T17:38:03-04:00,Rudy Giuliani,2016,Rudy Giuliani,real
1047,2009-06-10T16:05:58-04:00,Tim Pawlenty,2009,Tim Pawlenty,real
516,2008-06-09T00:00:00-04:00,Dick Cheney,2008,Dick Cheney,real
5778,2012-04-23T16:47:08-04:00,John McCain,2012,John McCain,real
736,2008-09-24T00:00:00-04:00,Jim DeMint,2008,Jim DeMint,real
498,2008-05-23T00:00:00-04:00,Hillary Clinton,2008,Hillary Clinton,real
13469,2016-11-16T11:00:00-05:00,Ted Cruz,2016,Ted Cruz,real
1067,2009-06-30T14:47:14-04:00,Barack Obama,2009,Barack Obama,real
537,2008-06-23T00:00:00-04:00,John McCain,2008,John McCain,real
6998,2012-10-24T14:43:23-04:00,Barack Obama,2012,Barack Obama,real
2714,2010-10-27T17:24:50-04:00,Barack Obama,2010,Barack Obama,real
7669,2013-04-18T16:37:51-04:00,Barack Obama,2013,Barack Obama,real
659,2008-08-27T00:00:00-04:00,Rudy Giuliani,2008,Rudy Giuliani,real
954,2009-03-11T17:31:43-04:00,Lamar Smith,2009,Lamar Smith,real
6646,2012-09-06T13:29:00-04:00,Barack Obama,2012,Barack Obama,real
6842,2012-10-05T13:42:27-04:00,Barack Obama,2012,Barack Obama,real
4926,2011-12-12T11:40:26-05:00,Democratic Senatorial Campaign Committee,2011,Democratic Senatorial Campaign Committee,real
1014,2009-05-12T19:14:11-04:00,Barack Obama,2009,Barack Obama,real
975,2009-03-26T17:56:55-04:00,Howard Dean,2009,Howard Dean,real
11960,2016-02-26T15:09:23-05:00,Robert Gibbs,2016,Robert Gibbs,real
514,2008-06-05T00:00:00-04:00,Bill Clinton,2008,Bill Clinton,real
958,2009-03-16T15:23:42-04:00,Barack Obama,2009,Barack Obama,real
1013,2009-05-12T19:00:02-04:00,David Brooks,2009,David Brooks,real
7293,2013-01-24T17:35:32-05:00,Miss California USA,2013,Miss California USA,real
1216,2009-09-28T18:14:44-04:00,Judd Gregg,2009,Judd Gregg,real
3693,2011-05-04T16:58:27-04:00,Hillary Clinton,2011,Hillary Clinton,real
385,2008-03-03T00:00:00-05:00,John McCain,2008,John McCain,real
15175,2018-03-23T09:00:00-04:00,John Boehner,2018,John Boehner,real
624,2008-08-13T00:00:00-04:00,MoveOnorg,2008,MoveOnorg,real
8227,2013-09-05T11:57:22-04:00,Ron DeSantis,2013,Ron DeSantis,real
567,2008-07-15T00:00:00-04:00,Republican National Committee,2008,Republican National Committee,real
1256,2009-10-13T18:29:51-04:00,David Stockman,2009,David Stockman,real
339,2008-02-06T00:00:00-05:00,Hillary Clinton,2008,Hillary Clinton,real
6871,2012-10-08T18:17:22-04:00,Barack Obama,2012,Barack Obama,real
2881,2010-11-30T16:52:25-05:00,Evan Jenkins,2010,Evan Jenkins,real
340,2008-02-07T00:00:00-05:00,Democratic National Committee,2008,Democratic National Committee,real
1350,2009-12-02T18:08:25-05:00,Bill Clinton,2009,Bill Clinton,real
8119,2013-08-07T09:00:00-04:00,John McCain,2013,John McCain,real
810,2008-10-17T00:00:00-04:00,Nancy Ann DeParle,2008,Nancy Ann DeParle,real
4787,2011-11-15T10:23:59-05:00,Hillary Clinton,2011,Hillary Clinton,real
5608,2012-03-22T18:16:40-04:00,Barack Obama,2012,Barack Obama,real
6473,2012-08-15T11:01:28-04:00,Mike Mullen,2012,Mike Mullen,real
1314,2009-11-11T19:28:28-05:00,John McCain,2009,John McCain,real
4875,2011-12-01T15:38:11-05:00,Mitch McConnell,2011,Mitch McConnell,real
10731,2015-04-16T15:41:25-04:00,Alan Krueger,2015,Alan Krueger,real
5439,2012-02-29T13:08:11-05:00,Barack Obama,2012,Barack Obama,real
999,2009-04-30T18:00:42-04:00,Ron Paul,2009,Ron Paul,real
961,2009-03-18T17:27:19-04:00,American Bridge 21st Century,2009,American Bridge 21st Century,real
4028,2011-06-30T06:00:00-04:00,Stephanie Cutter,2011,Stephanie Cutter,real
7563,2013-03-26T13:49:45-04:00,Loretta Sanchez,2013,Loretta Sanchez,real
655,2008-08-26T00:00:00-04:00,Barack Obama,2008,Barack Obama,real
5447,2012-02-29T15:26:14-05:00,Jeb Bush,2012,Jeb Bush,real
1185,2009-09-11T18:05:17-04:00,Mitt Romney,2009,Mitt Romney,real
6907,2012-10-12T17:29:58-04:00,Barack Obama,2012,Barack Obama,real
11709,2015-12-20T00:09:35-05:00,Elijah Cummings,2015,Elijah Cummings,real
938,2009-02-19T14:54:29-05:00,Yard sign,2009,Yard sign,real
586,2008-07-24T00:00:00-04:00,Michael Bloomberg,2008,Michael Bloomberg,real
1199,2009-09-21T16:18:56-04:00,Planned Parenthood,2009,Planned Parenthood,real
6652,2012-09-10T15:04:53-04:00,Rick Santorum,2012,Rick Santorum,real
1204,2009-09-22T18:42:29-04:00,John Boehner,2009,John Boehner,real
690,2008-09-03T00:00:00-04:00,Joe Biden,2008,Joe Biden,real
486,2008-05-15T00:00:00-04:00,Bernie Sanders,2008,Bernie Sanders,real
341,2008-02-07T00:00:00-05:00,Rosa DeLauro,2008,Rosa DeLauro,real
440,2008-04-16T00:00:00-04:00,Let Freedom Ring,2008,Let Freedom Ring,real
581,2008-07-22T00:00:00-04:00,National Right to Life Committee,2008,National Right to Life Committee,real
959,2009-03-17T18:36:04-04:00,Bill Clinton,2009,Bill Clinton,real
636,2008-08-21T00:00:00-04:00,Barack Obama,2008,Barack Obama,real
495,2008-05-21T00:00:00-04:00,John McCain,2008,John McCain,real
7489,2013-03-08T13:49:37-05:00,MoveOnorg,2013,MoveOnorg,real
948,2009-03-02T19:08:08-05:00,Mike Huckabee,2009,Mike Huckabee,real
1337,2009-11-20T16:43:33-05:00,Hillary Clinton,2009,Hillary Clinton,real
435,2008-04-16T00:00:00-04:00,Barack Obama,2008,Barack Obama,real
7714,2013-04-30T13:54:44-04:00,Christina Romer,2013,Christina Romer,real
651,2008-08-25T00:00:00-04:00,Barack Obama,2008,Barack Obama,real
384,2008-03-05T00:00:00-05:00,John McCain,2008,John McCain,real
1279,2009-10-23T19:02:30-04:00,Debbie Wasserman Schultz,2009,Debbie Wasserman Schultz,real
608,2008-08-05T00:00:00-04:00,John Boehner,2008,John Boehner,real
1313,2009-11-11T19:19:37-05:00,Mike Enzi,2009,Mike Enzi,real
13283,2016-10-18T16:52:34-04:00,Hillary Clinton,2016,Hillary Clinton,real
7259,2013-01-18T11:22:34-05:00,Ted Poe,2013,Ted Poe,real
14499,2017-09-06T15:33:08-04:00,Democratic National Committee,2017,Democratic National Committee,fake
1202,2009-09-21T13:52:52-04:00,VoteVetsorg,2009,VoteVetsorg,real
9107,2014-03-27T17:45:31-04:00,Dick Cheney,2014,Dick Cheney,real
934,2009-02-10T17:34:27-05:00,Barack Obama,2009,Barack Obama,real
15423,2018-05-24T11:56:11-04:00,Sean Hannity,2018,Sean Hannity,fake
8118,2013-08-07T09:00:00-04:00,Hillary Clinton,2013,Hillary Clinton,real
548,2008-07-02T00:00:00-04:00,Facebook posts,2008,Facebook posts,real
8172,2013-08-20T09:00:00-04:00,Bloggers,2013,Bloggers,real
937,2009-02-18T09:56:01-05:00,Michelle Obama,2009,Michelle Obama,real
8085,2013-07-29T18:48:29-04:00,Alison Lundergan Grimes,2013,Alison Lundergan Grimes,real
7258,2013-01-18T11:27:57-05:00,Barack Obama,2013,Barack Obama,real
1212,2009-09-25T17:24:22-04:00,Bloggers,2009,Bloggers,real
11882,2016-02-08T17:53:15-05:00,Susan Collins,2016,Susan Collins,real
12294,2016-04-25T16:46:13-04:00,Chain email,2016,Chain email,real
12070,2016-03-15T16:36:20-04:00,Barack Obama,2016,Barack Obama,real
10423,2015-01-21T16:21:46-05:00,Al Gore,2015,Al Gore,real
12017,2016-03-08T12:51:40-05:00,Don Lemon,2016,Don Lemon,real
12120,2016-03-24T15:00:45-04:00,Mark Shields,2016,Mark Shields,real
1052,2009-06-12T18:33:34-04:00,Michael Steele,2009,Michael Steele,real
